SORA_Publication_Date,SORA,SORA_Index,Compound_SORA_1M,Compound_SORA_3M,Compound_SORA_6M
2017-01-04,0.2354,0.9689525822,0.2527,0.1478,0.14
2017-01-05,0.1257,0.9689559192,0.2551,0.1488,0.1399
2017-01-06,0.104,0.96895868,0.2554,0.1494,0.1399
2017-01-09,0.1122,0.9689676157,0.2569,0.1498,0.1403
2017-01-10,0.0523,0.9689690041,0.2549,0.149,0.1402
2017-01-11,0.0301,0.9689698032,0.2521,0.1485,0.1399
2017-01-12,0.0378,0.9689708066,0.2496,0.1476,0.1398
2017-01-13,0.0555,0.96897228,0.2462,0.147,0.1398
2017-01-16,0.1292,0.9689825697,0.2218,0.149,0.1405
2017-01-17,0.1119,0.9689855404,0.2174,0.1493,0.1405
2017-01-18,0.1605,0.9689898012,0.2146,0.1507,0.1407
2017-01-19,0.1319,0.9689933029,0.2108,0.1518,0.1411
2017-01-20,0.0983,0.9689959125,0.202,0.1523,0.1413
2017-01-23,0.0598,0.9690006752,0.1875,0.1502,0.1368
2017-01-24,0.0799,0.9690027964,0.1834,0.1493,0.1354
2017-01-25,0.0865,0.9690050928,0.1795,0.1482,0.1339
2017-01-26,0.0685,0.9690069113,0.1751,0.148,0.1309
2017-01-27,0.1849,0.9690118201,0.1744,0.1493,0.1276
2017-01-31,0.5198,0.9690670192,0.1911,0.1681,0.126
2017-02-01,0.1388,0.9690707043,0.1808,0.1688,0.1248
2017-02-02,0.1208,0.9690739116,0.1699,0.1693,0.1244
2017-02-03,0.2009,0.9690792455,0.1615,0.1706,0.1251
2017-02-06,0.4127,0.9691121172,0.1864,0.182,0.1315
2017-02-07,0.3364,0.9691210489,0.1937,0.1848,0.1332
2017-02-08,0.1171,0.9691241581,0.1938,0.1855,0.1338
2017-02-09,0.1515,0.9691281806,0.1951,0.1863,0.1345
2017-02-10,0.338,0.969137155,0.2043,0.189,0.1363
2017-02-13,0.5471,0.9691807343,0.2533,0.2051,0.1449
2017-02-14,0.6944,0.9691991726,0.2715,0.2123,0.1486
2017-02-15,0.3852,0.969209401,0.2798,0.2154,0.1506
2017-02-16,0.1524,0.9692134478,0.2805,0.2162,0.1511
2017-02-17,0.0975,0.9692160368,0.2801,0.2165,0.1513
2017-02-20,0.1687,0.9692294757,0.2838,0.2203,0.1524
2017-02-21,0.156,0.9692336182,0.2869,0.2215,0.1528
2017-02-22,0.5143,0.9692472751,0.3016,0.2259,0.1552
2017-02-23,0.6109,0.9692634973,0.3194,0.2316,0.1582
2017-02-24,0.5746,0.9692787559,0.3353,0.2371,0.1609
2017-02-27,0.2226,0.9692964898,0.3459,0.2365,0.1629
2017-02-28,0.3106,0.9693047381,0.3391,0.2364,0.1635
2017-03-01,0.4731,0.9693173018,0.3317,0.2413,0.163
2017-03-02,0.305,0.9693254016,0.3383,0.2442,0.1641
2017-03-03,0.1629,0.9693297277,0.3369,0.2455,0.1646
2017-03-06,0.183,0.9693443075,0.3123,0.2494,0.1663
2017-03-07,0.2365,0.9693505883,0.3088,0.2507,0.1673
2017-03-08,0.1343,0.969354155,0.3094,0.2515,0.1679
2017-03-09,0.0555,0.969355629,0.3059,0.2509,0.1681
2017-03-10,0.1194,0.9693588,0.2981,0.251,0.1686
2017-03-13,0.1532,0.9693710059,0.2559,0.2517,0.1707
2017-03-14,0.1035,0.9693737547,0.2348,0.2486,0.171
2017-03-15,0.1423,0.9693775339,0.2261,0.246,0.1714
2017-03-16,0.1113,0.9693804898,0.2247,0.243,0.1718
2017-03-17,0.3634,0.9693901411,0.2342,0.2442,0.1736
2017-03-20,0.4885,0.9694290628,0.2684,0.2509,0.1809
2017-03-21,0.6229,0.9694456069,0.2851,0.2545,0.1841
2017-03-22,0.343,0.969454717,0.279,0.2558,0.1857
2017-03-23,0.3168,0.9694631313,0.2685,0.2582,0.1872
2017-03-24,0.1248,0.9694664461,0.2524,0.2572,0.1876
2017-03-27,0.2633,0.9694874264,0.2568,0.2592,0.191
2017-03-28,0.2306,0.9694935515,0.2539,0.2585,0.1918
2017-03-29,0.195,0.9694987309,0.2519,0.2562,0.1922
2017-03-30,0.4827,0.9695115522,0.2596,0.257,0.1938
2017-03-31,0.4343,0.9695230881,0.2652,0.2567,0.1952
2017-04-03,0.5687,0.969568406,0.2899,0.2604,0.2025
2017-04-04,0.6962,0.9695868995,0.3065,0.2655,0.2061
2017-04-05,0.3758,0.9695968823,0.3127,0.2683,0.2079
2017-04-06,0.3076,0.9696050534,0.3167,0.2705,0.2094
2017-04-07,0.2147,0.9696107568,0.316,0.2717,0.2102
2017-04-10,0.1849,0.9696254923,0.3239,0.2748,0.2113
2017-04-11,0.2675,0.9696325984,0.3276,0.2774,0.2123
2017-04-12,0.3735,0.9696425206,0.3347,0.2811,0.2137
2017-04-13,0.4849,0.9696554022,0.3454,0.2859,0.2157
2017-04-17,0.7076,0.9697305943,0.4135,0.3118,0.2297
2017-04-18,0.4296,0.9697420079,0.4116,0.3148,0.2319
2017-04-19,0.3628,0.9697516469,0.4076,0.3174,0.2337
2017-04-20,0.247,0.9697582093,0.3998,0.319,0.2348
2017-04-21,0.362,0.9697678272,0.3913,0.3224,0.2365
2017-04-24,0.4809,0.9698061583,0.4126,0.3362,0.2418
2017-04-25,0.4397,0.9698178411,0.4183,0.3402,0.2432
2017-04-26,0.4835,0.9698306879,0.4254,0.3448,0.2454
2017-04-27,0.5996,0.9698466197,0.4362,0.3494,0.2483
2017-04-28,0.3922,0.9698570409,0.4414,0.348,0.2501
2017-05-02,0.4526,0.9699051458,0.4415,0.3518,0.2591
2017-05-03,0.446,0.9699169972,0.4374,0.3545,0.2611
2017-05-04,0.512,0.9699306026,0.4313,0.3557,0.2637
2017-05-05,0.3957,0.9699411177,0.432,0.3555,0.2655
2017-05-08,0.469,0.969978507,0.4553,0.3615,0.2721
2017-05-09,0.4946,0.9699916509,0.4656,0.3654,0.2744
2017-05-11,0.4974,0.9700180878,0.4837,0.3666,0.279
2017-05-12,0.505,0.9700315086,0.4881,0.3662,0.2816
2017-05-15,0.5746,0.9700773206,0.4822,0.3673,0.2902
2017-05-16,0.5159,0.970091032,0.4758,0.3713,0.2926
2017-05-17,0.7252,0.9701103062,0.4764,0.3784,0.2962
2017-05-18,0.582,0.9701257748,0.4815,0.383,0.2991
2017-05-19,0.5199,0.9701395931,0.4867,0.387,0.3017
2017-05-22,0.5588,0.9701841504,0.5063,0.3964,0.3099
2017-05-23,0.5613,0.97019907,0.509,0.3959,0.3125
2017-05-24,0.4187,0.9702101994,0.5069,0.3941,0.3144
2017-05-25,0.4127,0.9702211694,0.506,0.3962,0.3163
2017-05-26,0.3323,0.9702300024,0.5009,0.3975,0.3163
2017-05-29,0.4495,0.9702658478,0.4977,0.4021,0.3192
2017-05-30,0.3589,0.9702753883,0.4946,0.4017,0.3198
2017-05-31,0.4404,0.9702870954,0.4929,0.4021,0.3205
2017-06-01,0.4503,0.9702990658,0.4928,0.4018,0.3226
2017-06-02,0.3647,0.9703087608,0.49,0.4025,0.3243
2017-06-05,0.5698,0.9703542031,0.5014,0.4153,0.3329
2017-06-06,0.6237,0.9703707842,0.5064,0.4201,0.3358
2017-06-07,0.711,0.9703896865,0.5142,0.4253,0.3391
2017-06-08,0.8227,0.9704115588,0.5257,0.4328,0.3433
2017-06-09,0.4644,0.9704239057,0.5247,0.4372,0.3452
2017-06-12,0.2618,0.9704447871,0.5016,0.4411,0.3477
2017-06-13,0.2335,0.9704509953,0.4906,0.442,0.3481
2017-06-14,0.0917,0.9704534334,0.475,0.4419,0.3464
2017-06-15,0.1126,0.9704564271,0.4601,0.4416,0.345
2017-06-16,0.1495,0.970460402,0.4483,0.442,0.3437
2017-06-19,0.1433,0.9704718322,0.4032,0.4321,0.342
2017-06-20,0.1576,0.9704760225,0.3903,0.4285,0.3408
2017-06-21,0.1526,0.9704800799,0.3772,0.4234,0.34
2017-06-22,0.276,0.9704874183,0.368,0.4226,0.3403
2017-06-23,0.4513,0.9704994178,0.3645,0.4241,0.3422
2017-06-27,1.1334,0.9706199618,0.4587,0.4635,0.3626
2017-06-28,0.73,0.9706393742,0.4678,0.4689,0.365
2017-06-29,0.9212,0.9706638715,0.483,0.4768,0.3679
2017-06-30,1.1955,0.9706956641,0.51,0.4846,0.3722
2017-07-03,0.8239,0.9707613975,0.5486,0.4935,0.3778
2017-07-04,0.8275,0.9707834058,0.5572,0.495,0.381
2017-07-05,1.214,0.9708156944,0.5786,0.5042,0.3871
2017-07-06,1.2275,0.970848343,0.5988,0.5143,0.3933
2017-07-07,0.9298,0.9708730744,0.6061,0.5222,0.3978
2017-07-10,1.1808,0.9709672996,0.6725,0.5551,0.4159
2017-07-11,1.1877,0.9709988946,0.7034,0.5652,0.4223
2017-07-12,1.068,0.9710273063,0.7303,0.5728,0.428
2017-07-13,0.9984,0.9710538672,0.7558,0.5785,0.4332
2017-07-14,0.5523,0.9710685607,0.7712,0.5768,0.4356
2017-07-17,0.3909,0.97109976,0.7968,0.5663,0.44
2017-07-18,0.3072,0.9711079332,0.8023,0.565,0.4408
2017-07-19,0.2644,0.9711149677,0.8063,0.5639,0.4415
2017-07-20,0.4248,0.9711262699,0.8152,0.5658,0.4433
2017-07-21,0.5738,0.9711415365,0.8293,0.5682,0.4462
2017-07-24,0.6979,0.9711972428,0.837,0.5753,0.4567
2017-07-25,0.7706,0.9712177471,0.8249,0.579,0.4605
2017-07-26,0.78,0.9712385018,0.8131,0.5822,0.4644
2017-07-27,0.7354,0.9712580703,0.7999,0.5837,0.4675
2017-07-28,0.5795,0.9712734907,0.7948,0.5858,0.4678
2017-07-31,0.7337,0.9713320625,0.7719,0.5935,0.4713
2017-08-01,0.986,0.9713583017,0.7772,0.5993,0.476
2017-08-02,0.8904,0.9713819976,0.7793,0.6041,0.4803
2017-08-03,0.9353,0.9714068889,0.7829,0.6094,0.4844
2017-08-04,0.6009,0.9714228812,0.7756,0.6104,0.4854
2017-08-07,0.6899,0.9714779649,0.7336,0.6184,0.4904
2017-08-08,0.4968,0.9714911876,0.7115,0.6187,0.4925
2017-08-10,0.4332,0.9715142479,0.6632,0.6173,0.4946
2017-08-11,0.3925,0.971524695,0.6376,0.6162,0.4938
2017-08-14,0.4601,0.9715614346,0.5976,0.6132,0.4915
2017-08-15,0.6628,0.9715790771,0.6064,0.6142,0.493
2017-08-16,0.7048,0.9715978379,0.6165,0.6162,0.4961
2017-08-17,0.7716,0.9716183772,0.6288,0.6167,0.4998
2017-08-18,0.6699,0.9716362097,0.6405,0.6177,0.5026
2017-08-21,0.8218,0.9717018391,0.6793,0.6267,0.5135
2017-08-22,0.8527,0.9717245396,0.6843,0.6299,0.5154
2017-08-23,0.9036,0.9717485958,0.691,0.6336,0.517
2017-08-24,0.9766,0.9717745961,0.6999,0.6397,0.5193
2017-08-25,1.0179,0.9718016966,0.7079,0.6463,0.5237
2017-08-28,1.2455,0.9719011798,0.7609,0.6736,0.5402
2017-08-29,1.137,0.9719314552,0.7739,0.6811,0.5435
2017-08-30,0.5851,0.9719470354,0.7691,0.6835,0.5437
2017-08-31,0.2874,0.9719546885,0.7547,0.6819,0.5423
2017-09-04,0.5189,0.9720099594,0.7116,0.6832,0.5475
2017-09-05,0.8749,0.9720332583,0.7175,0.6865,0.5513
2017-09-06,0.8973,0.9720571544,0.7242,0.6895,0.5552
2017-09-07,0.7411,0.9720768911,0.7259,0.6898,0.5579
2017-09-08,0.5901,0.9720926068,0.7289,0.6873,0.5604
2017-09-11,0.7084,0.9721492066,0.7569,0.6997,0.5702
2017-09-12,0.8189,0.9721710174,0.7684,0.7057,0.5738
2017-09-13,0.7175,0.9721901278,0.7768,0.711,0.5769
2017-09-14,0.4524,0.9722021777,0.7765,0.7149,0.5788
2017-09-15,0.3192,0.9722106798,0.7654,0.7172,0.5798
2017-09-18,0.2772,0.9722328302,0.723,0.7215,0.579
2017-09-19,0.5204,0.9722466918,0.7133,0.7256,0.5792
2017-09-20,0.5091,0.9722602527,0.7032,0.7294,0.5793
2017-09-21,0.6871,0.9722785551,0.6988,0.7352,0.5797
2017-09-22,0.6471,0.9722957924,0.6922,0.7393,0.5813
2017-09-25,0.7077,0.9723523481,0.6672,0.7328,0.5891
2017-09-26,0.59,0.9723680656,0.646,0.7269,0.5909
2017-09-27,0.5617,0.9723830294,0.6239,0.7207,0.5925
2017-09-28,0.6652,0.9724007507,0.6052,0.7199,0.5948
2017-09-29,0.5562,0.9724155685,0.5865,0.716,0.5968
2017-10-02,0.5979,0.9724633554,0.6021,0.7045,0.5986
2017-10-03,0.5872,0.9724790001,0.6044,0.702,0.5987
2017-10-04,0.5746,0.9724943093,0.6063,0.6992,0.5981
2017-10-05,0.3605,0.9725039144,0.5891,0.6899,0.598
2017-10-06,0.4652,0.9725163091,0.5747,0.6816,0.5989
2017-10-09,0.6093,0.9725650122,0.5676,0.6657,0.6057
2017-10-10,0.6312,0.9725818309,0.5651,0.6597,0.6081
2017-10-11,0.5824,0.9725973496,0.5609,0.6531,0.6098
2017-10-12,0.6725,0.9726152694,0.556,0.6488,0.6115
2017-10-13,0.6971,0.972633845,0.5553,0.6455,0.6127
2017-10-16,0.6888,0.9726889094,0.5892,0.6535,0.6123
2017-10-17,0.6978,0.9727075051,0.6033,0.6568,0.6123
2017-10-19,0.6918,0.9727443773,0.6228,0.6657,0.6155
2017-10-20,1.011,0.972771321,0.6395,0.6721,0.6197
2017-10-23,1.3715,0.9728809777,0.7087,0.6954,0.635
2017-10-24,1.4066,0.9729184696,0.732,0.7031,0.6401
2017-10-25,1.2133,0.9729508105,0.7488,0.708,0.6443
2017-10-26,1.3334,0.9729863538,0.7736,0.714,0.649
2017-10-27,1.1275,0.9730164098,0.7925,0.7182,0.6519
2017-10-30,1.1225,0.9731061805,0.8441,0.7326,0.6632
2017-10-31,1.1744,0.9731374905,0.8548,0.7374,0.666
2017-11-01,1.0968,0.9731667327,0.8709,0.7386,0.6695
2017-11-02,1.04,0.9731944612,0.8852,0.7403,0.6727
2017-11-03,0.7605,0.9732147384,0.8908,0.7384,0.6745
2017-11-06,0.8203,0.9732803544,0.925,0.7436,0.6804
2017-11-07,0.7117,0.973299332,0.9283,0.7438,0.6817
2017-11-08,0.7264,0.973318702,0.9321,0.7463,0.6831
2017-11-09,0.8014,0.9733400723,0.9383,0.7503,0.6848
2017-11-10,0.8199,0.9733619365,0.9444,0.7545,0.6865
2017-11-13,1.0026,0.9734421468,0.9785,0.773,0.6943
2017-11-14,0.6976,0.9734607516,0.9788,0.7756,0.695
2017-11-15,0.6693,0.9734786019,0.9781,0.7757,0.6955
2017-11-16,0.5585,0.9734934975,0.9739,0.7741,0.6958
2017-11-17,0.543,0.9735079799,0.9689,0.7716,0.6948
2017-11-20,0.5547,0.9735523638,0.9454,0.7645,0.6948
2017-11-21,0.49,0.9735654334,0.9169,0.7609,0.6944
2017-11-22,0.2509,0.9735721257,0.8807,0.7543,0.6927
2017-11-23,0.1709,0.9735766841,0.842,0.7464,0.6906
2017-11-24,0.3673,0.9735864813,0.8084,0.7397,0.6903
2017-11-27,0.5353,0.9736293164,0.7417,0.719,0.6926
2017-11-28,0.6674,0.9736471191,0.727,0.7127,0.6937
2017-11-29,0.7853,0.9736680672,0.7161,0.7089,0.6956
2017-11-30,1.1968,0.9736999929,0.7185,0.7155,0.7001
2017-12-01,1.2592,0.9737335842,0.7087,0.7284,0.706
2017-12-04,1.2101,0.973830432,0.7424,0.7512,0.7177
2017-12-05,0.992,0.9738568988,0.7481,0.7525,0.72
2017-12-06,0.8293,0.9738790254,0.7484,0.7518,0.7211
2017-12-07,0.7437,0.9738988685,0.7494,0.7518,0.7213
2017-12-08,0.7247,0.9739182051,0.7494,0.7533,0.7207
2017-12-11,0.782,0.9739808027,0.7401,0.7557,0.7282
2017-12-12,0.8323,0.9740030121,0.7344,0.7558,0.7313
2017-12-13,0.9218,0.9740276103,0.7317,0.7581,0.7351
2017-12-14,0.8442,0.9740501384,0.7366,0.7624,0.7392
2017-12-15,0.755,0.9740702866,0.7395,0.7672,0.7427
2017-12-18,0.7399,0.9741295234,0.7583,0.7825,0.7525
2017-12-19,0.8309,0.9741516988,0.7675,0.7859,0.7563
2017-12-20,0.9375,0.9741767199,0.7803,0.7906,0.7606
2017-12-21,0.931,0.974201568,0.795,0.7933,0.7648
2017-12-22,1.0005,0.9742282718,0.82,0.7972,0.7688
2017-12-26,1.2709,0.9743639591,0.9359,0.8233,0.7756
2017-12-27,1.196,0.9743958862,0.9579,0.8303,0.7759
2017-12-28,0.9589,0.9744214848,0.9676,0.8335,0.7772
2017-12-29,0.759,0.9744417475,0.9668,0.8358,0.7763
2018-01-02,0.8605,0.9745336386,0.9283,0.8446,0.7753
2018-01-03,0.7915,0.9745547713,0.9148,0.8468,0.7752
2018-01-04,1.0355,0.9745824193,0.9092,0.8519,0.7763
2018-01-05,0.6058,0.9745985947,0.8967,0.8545,0.773
2018-01-08,0.3425,0.9746260303,0.8557,0.8474,0.7604
2018-01-09,0.0458,0.9746272533,0.832,0.8413,0.7542
2018-01-10,0.056,0.9746287486,0.8085,0.835,0.748
2018-01-11,0.1294,0.9746322039,0.7875,0.8301,0.7423
2018-01-12,0.066,0.9746339662,0.7627,0.8234,0.7368
2018-01-15,0.4538,0.9746703187,0.7253,0.8157,0.7336
2018-01-16,0.1639,0.9746746954,0.7067,0.81,0.7324
2018-01-17,0.0973,0.9746772937,0.686,0.8034,0.7308
2018-01-18,0.138,0.9746809787,0.6665,0.7974,0.7299
2018-01-19,0.0868,0.9746832966,0.6425,0.7908,0.7289
2018-01-22,0.6715,0.9747370911,0.6149,0.7719,0.7306
2018-01-23,0.6374,0.974754113,0.5945,0.7639,0.7303
2018-01-24,0.1786,0.9747588826,0.5592,0.7505,0.7275
2018-01-25,0.1183,0.9747620419,0.5221,0.7386,0.7239
2018-01-26,0.0602,0.9747636496,0.483,0.7247,0.72
2018-01-29,0.1977,0.9747794888,0.4081,0.6944,0.7121
2018-01-30,0.2863,0.9747871348,0.3896,0.6853,0.7096
2018-01-31,0.6653,0.9748049026,0.3833,0.6798,0.7092
2018-02-01,0.8294,0.9748270534,0.3823,0.6769,0.7084
2018-02-02,0.7742,0.9748477304,0.3795,0.674,0.7078
2018-02-05,0.9899,0.9749270456,0.3968,0.6802,0.7118
2018-02-06,0.5491,0.9749417123,0.4035,0.6772,0.711
2018-02-07,0.6143,0.9749581207,0.4122,0.6762,0.7106
2018-02-08,0.6509,0.974975507,0.4222,0.6753,0.7115
2018-02-09,0.8123,0.9749972049,0.4469,0.6755,0.7135
2018-02-12,1.3314,0.975103899,0.5677,0.6882,0.7283
2018-02-13,1.391,0.9751410598,0.598,0.6924,0.7334
2018-02-14,1.1126,0.9751707842,0.6192,0.6969,0.7369
2018-02-15,0.6005,0.9751868278,0.624,0.6962,0.7366
2018-02-19,0.5852,0.975249368,0.6838,0.6976,0.7332
2018-02-20,0.7581,0.9752696238,0.6866,0.6998,0.7328
2018-02-21,0.916,0.975294099,0.6945,0.7045,0.7333
2018-02-22,1.1141,0.9753238682,0.7088,0.7139,0.7348
2018-02-23,1.2325,0.9753568021,0.728,0.7254,0.7366
2018-02-26,1.5934,0.9754845391,0.8708,0.7618,0.745
2018-02-27,1.6497,0.9755286283,0.9176,0.7739,0.7472
2018-02-28,1.5178,0.9755691943,0.9603,0.7832,0.7487
2018-03-01,0.5943,0.9755850787,1.0137,0.7711,0.7503
2018-03-02,0.3726,0.9755950377,0.9993,0.7618,0.7495
2018-03-05,0.5802,0.9756415615,0.9554,0.7432,0.7486
2018-03-06,0.8453,0.9756641563,0.966,0.7434,0.7483
2018-03-07,0.7439,0.9756840411,0.9706,0.7434,0.7483
2018-03-08,0.9541,0.9757095453,0.9814,0.7459,0.7503
2018-03-09,0.8161,0.975731361,0.9816,0.7463,0.7509
2018-03-12,0.8321,0.9757980931,0.928,0.7474,0.7524
2018-03-13,0.7758,0.9758188334,0.906,0.7458,0.7527
2018-03-14,0.5956,0.9758347567,0.8876,0.743,0.7535
2018-03-15,0.5853,0.9758504048,0.887,0.7412,0.755
2018-03-16,0.5777,0.97586585,0.8868,0.7393,0.7566
2018-03-19,0.2856,0.9758887574,0.8546,0.7232,0.7554
2018-03-20,0.5764,0.9759041684,0.8481,0.7191,0.7558
2018-03-21,0.671,0.975922109,0.8394,0.7163,0.7557
2018-03-22,0.9127,0.9759465124,0.8322,0.7153,0.7572
2018-03-23,0.7604,0.9759668442,0.8153,0.7096,0.7575
2018-03-26,0.7599,0.9760278007,0.726,0.6925,0.759
2018-03-27,0.6705,0.9760457302,0.691,0.6867,0.7596
2018-03-28,0.7152,0.9760648553,0.6623,0.684,0.7599
2018-03-29,0.5858,0.9760805205,0.6597,0.682,0.76
2018-04-02,0.7834,0.976164319,0.6871,0.6786,0.7632
2018-04-03,0.6773,0.9761824329,0.6902,0.6773,0.7637
2018-04-04,0.5953,0.976198354,0.6907,0.6724,0.7639
2018-04-05,0.4255,0.9762097341,0.6857,0.6704,0.7642
2018-04-06,0.1524,0.9762138101,0.6633,0.6683,0.7625
2018-04-09,0.1727,0.976227667,0.5989,0.666,0.7553
2018-04-10,0.1867,0.9762326604,0.5781,0.6674,0.7528
2018-04-11,0.2671,0.9762398043,0.5598,0.6689,0.7511
2018-04-12,0.2775,0.9762472264,0.5419,0.6713,0.7489
2018-04-13,0.2905,0.9762549963,0.5263,0.6695,0.7467
2018-04-16,0.3699,0.9762846771,0.5053,0.6699,0.7414
2018-04-17,0.3521,0.9762940949,0.5075,0.6727,0.7395
2018-04-18,0.3924,0.9763045907,0.5109,0.6756,0.7378
2018-04-19,0.4361,0.9763162556,0.5158,0.6795,0.7364
2018-04-20,1.0692,0.976344855,0.5317,0.6839,0.7367
2018-04-23,1.3329,0.9764518169,0.5851,0.7063,0.7361
2018-04-24,1.1291,0.9764820227,0.597,0.7169,0.7346
2018-04-25,0.8744,0.9765054154,0.6007,0.7253,0.7327
2018-04-26,0.8638,0.9765285252,0.604,0.7343,0.7301
2018-04-27,0.9956,0.9765551617,0.6145,0.7432,0.7294
2018-04-30,1.756,0.9766961067,0.7173,0.7942,0.7399
2018-05-02,1.4725,0.9767749113,0.761,0.8108,0.7419
2018-05-03,1.1115,0.9768046561,0.7755,0.8121,0.7439
2018-05-04,1.0984,0.9768340513,0.7923,0.8133,0.7454
2018-05-07,1.1747,0.9769283653,0.8848,0.8288,0.7519
2018-05-08,1.3977,0.9769657749,0.9257,0.8372,0.7556
2018-05-09,1.5624,0.9770075944,0.972,0.8456,0.7598
2018-05-10,1.5366,0.9770487251,1.0171,0.8479,0.7638
2018-05-11,0.9983,0.977075448,1.0414,0.8442,0.7638
2018-05-14,0.8759,0.9771457894,1.0978,0.8306,0.7634
2018-05-15,0.9905,0.9771723062,1.1185,0.835,0.7652
2018-05-16,0.7019,0.9771910974,1.1296,0.8363,0.766
2018-05-17,0.6264,0.9772078676,1.1388,0.8368,0.7664
2018-05-18,0.4188,0.9772190801,1.1396,0.8349,0.7657
2018-05-21,0.4564,0.9772557378,1.0906,0.8249,0.7644
2018-05-22,0.6761,0.9772738398,1.0687,0.8199,0.7667
2018-05-23,0.6852,0.9772921858,1.0471,0.8138,0.7696
2018-05-24,1.2815,0.9773264981,1.0522,0.8103,0.7747
2018-05-25,1.0365,0.9773542515,1.0576,0.804,0.7774
2018-05-28,1.4118,0.9774676621,1.0783,0.7981,0.7913
2018-05-30,1.5135,0.9775487249,1.0621,0.8139,0.7971
2018-05-31,1.5544,0.9775903551,1.078,0.822,0.8013
2018-06-01,1.1205,0.9776203658,1.0667,0.8277,0.8005
2018-06-04,0.9958,0.9777003807,1.0442,0.8435,0.797
2018-06-05,1.431,0.9777387119,1.0525,0.8528,0.7994
2018-06-06,1.5185,0.9777793885,1.0636,0.8601,0.8032
2018-06-07,1.4606,0.9778185158,1.0728,0.8679,0.8072
2018-06-08,1.0974,0.9778479146,1.0631,0.8695,0.8092
2018-06-11,1.1256,0.9779383803,1.0399,0.8793,0.8149
2018-06-12,1.0994,0.9779678363,1.0471,0.8822,0.8164
2018-06-13,0.789,0.9779889765,1.0443,0.8823,0.8156
2018-06-14,0.5849,0.9780046484,1.0349,0.8822,0.8142
2018-06-18,0.7504,0.9780850753,1.0434,0.896,0.8144
2018-06-19,0.5232,0.9780990954,1.0456,0.8986,0.8127
2018-06-20,0.4036,0.9781099107,1.0439,0.8967,0.8097
2018-06-21,0.4929,0.9781231192,1.045,0.8948,0.8073
2018-06-22,0.5651,0.9781382627,1.0415,0.891,0.8049
2018-06-25,0.4658,0.9781757107,0.9896,0.8814,0.7916
2018-06-26,0.6866,0.9781941111,0.9662,0.8806,0.7883
2018-06-27,0.9323,0.9782190966,0.9507,0.8834,0.7869
2018-06-28,0.8223,0.9782411347,0.9317,0.8846,0.7861
2018-06-29,0.8296,0.9782633689,0.9096,0.8872,0.7865
2018-07-02,1.3426,0.9783713209,0.9014,0.9068,0.7941
2018-07-03,0.9918,0.9783979058,0.9012,0.9103,0.7952
2018-07-04,0.916,0.9784224596,0.8986,0.9138,0.7946
2018-07-05,0.8344,0.9784448266,0.8787,0.9183,0.7958
2018-07-06,0.8786,0.978468379,0.8573,0.9263,0.7988
2018-07-09,1.4412,0.9785842832,0.8787,0.9683,0.8187
2018-07-10,1.4302,0.9786226276,0.8888,0.982,0.8264
2018-07-11,1.4064,0.9786603354,0.8982,0.9945,0.8334
2018-07-12,1.3745,0.9786971894,0.9074,1.0066,0.8407
2018-07-13,1.2384,0.9787303954,0.9224,1.017,0.8451
2018-07-16,1.1951,0.9788265335,0.9724,1.0443,0.859
2018-07-17,1.1635,0.9788577353,0.9862,1.0532,0.8649
2018-07-18,0.7706,0.9788784013,0.9868,1.0574,0.8684
2018-07-19,0.8579,0.9789014089,0.998,1.0621,0.8727
2018-07-20,0.9735,0.9789275174,1.017,1.061,0.8744
2018-07-23,1.0492,0.9790119358,1.0712,1.0516,0.8809
2018-07-24,1.4072,0.9790496801,1.1026,1.0547,0.8877
2018-07-25,1.4046,0.9790873561,1.1339,1.0605,0.8948
2018-07-26,0.9908,0.9791139336,1.1441,1.0619,0.9
2018-07-27,1.1911,0.9791458849,1.1527,1.0641,0.9055
2018-07-30,1.4968,0.979266344,1.2026,1.0555,0.9266
2018-07-31,1.5623,0.9793082593,1.2143,1.0611,0.9316
2018-08-01,1.7311,0.9793547053,1.2268,1.0639,0.9366
2018-08-02,1.8083,0.979403225,1.2418,1.0675,0.9424
2018-08-03,1.6714,0.9794480736,1.2638,1.0737,0.9461
2018-08-06,1.8187,0.9795944836,1.3551,1.0955,0.9624
2018-08-07,1.8285,0.9796435573,1.3676,1.1027,0.9691
2018-08-08,1.4463,0.9796823753,1.3677,1.1032,0.9735
2018-08-10,1.3192,0.9797531916,1.3602,1.0982,0.9763
2018-08-13,1.4192,0.9798674765,1.3679,1.1146,0.9774
2018-08-14,1.7705,0.9799150067,1.3865,1.1244,0.9811
2018-08-15,1.4315,0.9799534382,1.3941,1.1292,0.9857
2018-08-16,1.6876,0.979998747,1.41,1.1399,0.9918
2018-08-17,1.0175,0.9800260661,1.4053,1.1442,0.9942
2018-08-20,0.8028,0.9800907317,1.3991,1.1559,0.9969
2018-08-21,0.7479,0.9801108142,1.3893,1.1591,0.9959
2018-08-23,1.224,0.9801765487,1.4006,1.1709,0.9965
2018-08-24,1.1864,0.9802084085,1.3935,1.1699,0.9942
2018-08-27,1.546,0.9803329621,1.4275,1.1784,0.9931
2018-08-28,1.5029,0.9803733276,1.4277,1.1794,0.9931
2018-08-29,1.3932,0.9804107484,1.4243,1.1781,0.9953
2018-08-30,1.358,0.980447225,1.4198,1.1764,0.9973
2018-08-31,1.1073,0.9804769688,1.4051,1.1715,0.9979
2018-09-03,1.0628,0.9805626168,1.3398,1.1723,1.0069
2018-09-04,0.9531,0.9805882216,1.3119,1.1719,1.0089
2018-09-05,1.0603,0.980616707,1.2874,1.1678,1.0116
2018-09-06,0.6039,0.9806329315,1.2482,1.1578,1.0102
2018-09-07,0.68,0.9806512009,1.2111,1.1493,1.0099
2018-09-10,0.7885,0.9807147551,1.1556,1.1386,1.0086
2018-09-11,0.6444,0.9807320694,1.1305,1.1334,1.0076
2018-09-12,0.6249,0.9807488601,1.1049,1.1282,1.0064
2018-09-13,0.8635,0.9807720622,1.087,1.129,1.0069
2018-09-14,0.8372,0.9807945582,1.0568,1.1318,1.0082
2018-09-17,1.0121,0.9808761468,1.0213,1.1403,1.0169
2018-09-18,1.2431,0.9809095531,1.0355,1.1457,1.0221
2018-09-19,1.2587,0.9809433797,1.0502,1.1537,1.0275
2018-09-20,1.3053,0.9809784598,1.0665,1.1635,1.0314
2018-09-21,1.3883,0.9810157719,1.0871,1.1733,1.0354
2018-09-24,1.4172,0.9811300428,1.1071,1.2033,1.0453
2018-09-25,1.1161,0.9811600439,1.0932,1.2104,1.0472
2018-09-26,1.2211,0.9811928684,1.0827,1.2162,1.0498
2018-09-27,1.0801,0.9812219036,1.0677,1.2179,1.052
2018-09-28,1.011,0.9812490821,1.0518,1.2199,1.0536
2018-10-01,1.1084,0.9813384753,1.0336,1.2178,1.0615
2018-10-02,1.1854,0.9813703459,1.0377,1.2161,1.0637
2018-10-03,1.0854,0.9813995289,1.0384,1.2172,1.066
2018-10-04,1.1103,0.9814293823,1.0437,1.2193,1.0688
2018-10-05,1.273,0.9814636113,1.0508,1.2241,1.0734
2018-10-08,1.2754,0.9815664956,1.1093,1.2248,1.0917
2018-10-09,1.0762,0.981595437,1.1189,1.2208,1.0967
2018-10-10,1.1576,0.9816265684,1.1312,1.2178,1.102
2018-10-11,1.0035,0.9816535564,1.1432,1.2134,1.1061
2018-10-12,1.1007,0.9816831593,1.159,1.2104,1.1106
2018-10-15,1.1695,0.9817775219,1.1856,1.2091,1.1242
2018-10-16,1.1025,0.981807177,1.1886,1.2081,1.1282
2018-10-17,0.941,0.9818324888,1.1862,1.2057,1.1315
2018-10-18,1.0147,0.9818597837,1.1786,1.2084,1.1349
2018-10-19,1.1154,0.9818897883,1.1738,1.2112,1.1386
2018-10-22,1.3026,0.9819949123,1.1671,1.2203,1.1396
2018-10-23,1.2159,0.9820276249,1.1603,1.2221,1.1389
2018-10-24,1.2068,0.9820600937,1.1533,1.2199,1.1394
2018-10-25,1.3389,0.9820961178,1.1608,1.2192,1.1419
2018-10-26,1.3532,0.982132528,1.1652,1.2231,1.1446
2018-10-29,1.2862,0.9822363542,1.1872,1.2196,1.141
2018-10-30,1.3056,0.9822714887,1.1937,1.2175,1.1386
2018-10-31,1.3336,0.9823073779,1.1983,1.215,1.1397
2018-11-01,1.4498,0.9823463957,1.2093,1.2119,1.1395
2018-11-02,1.5274,0.9823875035,1.2204,1.2089,1.1398
2018-11-05,1.5642,0.9825138036,1.2599,1.2022,1.147
2018-11-07,1.3473,0.9825863373,1.2645,1.1918,1.1489
2018-11-08,1.2537,0.9826200871,1.2638,1.1897,1.1481
2018-11-09,1.2862,0.982654713,1.2706,1.1893,1.1466
2018-11-12,1.263,0.9827567207,1.2876,1.1853,1.1486
2018-11-13,1.2342,0.9827899513,1.2897,1.1833,1.1506
2018-11-14,1.2595,0.9828238643,1.2926,1.1777,1.1527
2018-11-15,1.1703,0.9828553766,1.2926,1.1749,1.1537
2018-11-16,1.4816,0.9828952724,1.3049,1.1726,1.1579
2018-11-19,1.8768,0.9830468914,1.3875,1.2054,1.1805
2018-11-20,1.9294,0.9830988556,1.4078,1.2177,1.1886
2018-11-21,1.5162,0.9831396932,1.4147,1.2261,1.1944
2018-11-22,1.7144,0.9831858712,1.428,1.2314,1.2
2018-11-23,1.5247,0.9832269414,1.4379,1.2347,1.2046
2018-11-26,1.5637,0.983353309,1.4635,1.2392,1.2099
2018-11-27,1.462,0.983392697,1.4692,1.2383,1.2102
2018-11-28,1.3705,0.9834296213,1.4719,1.2368,1.2099
2018-11-29,1.3427,0.9834657981,1.4738,1.2363,1.209
2018-11-30,1.8059,0.9835144567,1.4899,1.2412,1.2106
2018-12-03,1.9655,0.9836733415,1.5403,1.2724,1.224
2018-12-04,1.8987,0.9837245114,1.5514,1.2829,1.2289
2018-12-05,1.6113,0.9837679381,1.553,1.2889,1.2299
2018-12-06,1.2463,0.983801529,1.5496,1.296,1.2284
2018-12-07,0.4604,0.9838139384,1.5201,1.2936,1.2229
2018-12-10,1.1288,0.9839052148,1.5061,1.3049,1.2231
2018-12-11,1.1137,0.983935236,1.5012,1.31,1.2231
2018-12-12,1.3151,0.9839706873,1.5029,1.3176,1.2243
2018-12-13,1.6167,0.9840142705,1.5157,1.3259,1.2288
2018-12-14,1.5868,0.9840570495,1.5266,1.3342,1.2343
2018-12-17,1.5526,0.984182626,1.5309,1.3521,1.2476
2018-12-18,1.4564,0.9842218962,1.5169,1.3544,1.2514
2018-12-19,1.5719,0.9842642825,1.5067,1.3579,1.2572
2018-12-20,1.9044,0.9843156368,1.5059,1.3645,1.2655
2018-12-21,2.0203,0.9843701193,1.5227,1.3715,1.2739
2018-12-24,2.0633,0.984537055,1.569,1.3928,1.2997
2018-12-26,1.9447,0.9846419662,1.5944,1.4099,1.3147
2018-12-27,2.1772,0.9847006994,1.6183,1.422,1.3216
2018-12-28,1.7089,0.9847468023,1.6296,1.4297,1.3264
2018-12-31,1.846,0.984896214,1.6542,1.4504,1.3376
2019-01-02,1.7645,0.9849914387,1.6412,1.4639,1.3423
2019-01-03,1.2781,0.9850259296,1.619,1.466,1.3438
2019-01-04,0.9545,0.9850516887,1.5885,1.4643,1.344
2019-01-07,1.264,0.9851540261,1.6038,1.464,1.3475
2019-01-08,1.147,0.9851849842,1.6044,1.4626,1.3459
2019-01-09,1.1236,0.9852153117,1.6042,1.4631,1.3442
2019-01-10,1.1964,0.9852476052,1.6064,1.4635,1.3429
2019-01-11,1.0776,0.9852766929,1.6052,1.4643,1.3411
2019-01-14,1.1299,0.9853681941,1.5688,1.4638,1.3388
2019-01-15,1.1263,0.9853986001,1.555,1.4633,1.3384
2019-01-16,1.0919,0.9854280784,1.5401,1.4632,1.3379
2019-01-17,1.3666,0.9854649739,1.5341,1.4678,1.339
2019-01-18,1.5422,0.9855066118,1.5369,1.4736,1.3432
2019-01-21,1.6371,0.9856392178,1.518,1.4866,1.3543
2019-01-22,1.4506,0.9856783895,1.4982,1.4882,1.3565
2019-01-23,1.7363,0.9857252781,1.4876,1.4939,1.3603
2019-01-24,1.8543,0.9857753557,1.4809,1.5009,1.3627
2019-01-25,1.9116,0.9858269833,1.4798,1.5072,1.3655
2019-01-28,1.7582,0.9859694447,1.4619,1.5219,1.3742
2019-01-29,1.8305,0.9860188918,1.4614,1.5278,1.3761
2019-01-30,1.89,0.9860699487,1.4628,1.5342,1.3782
2019-01-31,1.9188,0.9861217862,1.4651,1.5406,1.3802
2019-02-01,1.8978,0.9861730591,1.4694,1.5455,1.3811
2019-02-04,1.6472,0.9863065735,1.4999,1.5486,1.3791
2019-02-07,1.7538,0.9864487475,1.5474,1.5595,1.378
2019-02-08,1.6384,0.9864930269,1.5633,1.5637,1.379
2019-02-11,1.8156,0.9866402387,1.6295,1.5816,1.3866
2019-02-12,1.7735,0.9866881786,1.6502,1.5871,1.3886
2019-02-13,1.7882,0.9867365182,1.6715,1.5932,1.3906
2019-02-14,1.7162,0.9867829138,1.6905,1.5982,1.3903
2019-02-15,1.6528,0.9868275975,1.7075,1.6034,1.3915
2019-02-18,1.5548,0.9869537059,1.7289,1.5972,1.3978
2019-02-19,1.558,0.986995834,1.7263,1.5937,1.402
2019-02-20,1.7053,0.9870419469,1.7285,1.5913,1.4069
2019-02-21,1.5467,0.9870837732,1.7256,1.5916,1.4113
2019-02-22,1.5324,0.9871252145,1.7283,1.5896,1.413
2019-02-25,1.707,0.9872637095,1.7159,1.5947,1.4194
2019-02-26,1.6459,0.9873082283,1.7123,1.5956,1.4199
2019-02-27,1.5746,0.9873508205,1.7064,1.5969,1.4201
2019-02-28,1.4256,0.987389384,1.6957,1.5975,1.4196
2019-03-01,1.6556,0.9874341709,1.667,1.5944,1.425
2019-03-04,1.8033,0.9875805249,1.6837,1.5897,1.438
2019-03-05,1.4282,0.9876191677,1.6721,1.5877,1.44
2019-03-06,1.3116,0.9876546571,1.6563,1.5884,1.4439
2019-03-07,1.2044,0.987687247,1.6367,1.5967,1.4469
2019-03-08,1.2488,0.9877210394,1.6227,1.598,1.4494
2019-03-11,1.099,0.987810259,1.5459,1.5972,1.4554
2019-03-12,1.1414,0.9878411491,1.5233,1.5953,1.4583
2019-03-13,1.0192,0.9878687328,1.4958,1.5886,1.4592
2019-03-14,1.0662,0.9878975894,1.4725,1.5828,1.4604
2019-03-15,1.0579,0.9879262222,1.4513,1.5773,1.4607
2019-03-18,1.2407,0.9880269663,1.4176,1.5679,1.4632
2019-03-19,1.2236,0.9880600882,1.4056,1.564,1.463
2019-03-20,1.4223,0.9880985901,1.3955,1.5586,1.4637
2019-03-21,1.5833,0.9881414519,1.3968,1.5538,1.4648
2019-03-22,1.6409,0.988185875,1.4007,1.5491,1.466
2019-03-25,1.6422,0.9883192557,1.3937,1.5363,1.4714
2019-03-26,1.5807,0.9883620567,1.3914,1.5322,1.4734
2019-03-27,1.6774,0.988407478,1.3951,1.5267,1.4768
2019-03-28,1.8564,0.9884577487,1.4105,1.5283,1.4815
2019-03-29,1.8534,0.9885079407,1.4258,1.5284,1.4856
2019-04-01,2.2358,0.9886895932,1.497,1.5423,1.5023
2019-04-02,1.5456,0.9887314595,1.4886,1.5399,1.5043
2019-04-03,1.5339,0.9887730106,1.4799,1.5428,1.5068
2019-04-04,1.4935,0.988813469,1.4699,1.5488,1.5089
2019-04-05,1.4388,0.9888524472,1.4703,1.5507,1.5098
2019-04-08,1.7328,0.9889932815,1.5166,1.5677,1.5174
2019-04-09,1.787,0.9890417015,1.5388,1.5751,1.5213
2019-04-10,1.7875,0.9890901375,1.561,1.5817,1.5248
2019-04-11,1.7077,0.9891364134,1.5807,1.5887,1.5287
2019-04-12,1.6421,0.9891809137,1.5969,1.5944,1.5317
2019-04-15,1.6636,0.9893161686,1.6566,1.6123,1.5399
2019-04-16,1.6009,0.9893595602,1.6682,1.618,1.5427
2019-04-17,1.6481,0.9894042332,1.6813,1.6212,1.5466
2019-04-18,1.6017,0.9894476504,1.693,1.6218,1.5499
2019-04-22,1.7528,0.9896377111,1.7299,1.6291,1.5609
2019-04-23,1.7772,0.989685897,1.7342,1.6295,1.564
2019-04-24,1.7087,0.9897322279,1.7364,1.6279,1.5667
2019-04-25,1.694,0.9897781623,1.738,1.6255,1.5687
2019-04-26,1.766,0.9898260513,1.744,1.6255,1.571
2019-04-29,1.6678,0.9899617361,1.7316,1.6217,1.5773
2019-04-30,1.8593,0.9900121645,1.7195,1.6214,1.5804
2019-05-02,2.0791,0.9901249499,1.7147,1.6249,1.5883
2019-05-03,1.9441,0.9901776869,1.7284,1.6282,1.5904
2019-05-06,1.9643,0.9903375504,1.7694,1.6365,1.5983
2019-05-07,1.9961,0.9903917097,1.7782,1.6393,1.6019
2019-05-08,2.1542,0.9904501618,1.7923,1.6451,1.6069
2019-05-09,1.99,0.9905041617,1.799,1.6471,1.6108
2019-05-10,1.7012,0.9905503273,1.7962,1.6458,1.6133
2019-05-13,1.7954,0.9906965,1.8086,1.6459,1.6223
2019-05-14,1.6964,0.9907425443,1.8097,1.6456,1.6248
2019-05-15,1.8553,0.9907929039,1.8161,1.6479,1.6286
2019-05-16,1.7315,0.9908399055,1.8205,1.6499,1.63
2019-05-17,1.8167,0.9908892222,1.8261,1.6529,1.6296
2019-05-21,2.039,0.9911106384,1.8693,1.6731,1.635
2019-05-22,1.695,0.9911566639,1.8674,1.6749,1.6349
2019-05-23,1.7432,0.9912040005,1.8663,1.6753,1.6361
2019-05-24,1.4486,0.9912433391,1.8576,1.6724,1.6354
2019-05-27,1.7018,0.9913819882,1.8568,1.6744,1.6383
2019-05-28,1.673,0.9914274288,1.857,1.6772,1.64
2019-05-29,1.8282,0.9914770871,1.8624,1.679,1.6427
2019-05-30,1.914,0.9915290785,1.8642,1.6816,1.6433
2019-05-31,1.5849,0.9915721326,1.8553,1.6807,1.643
2019-06-03,1.8757,0.9917250005,1.8399,1.6846,1.6416
2019-06-04,1.786,0.9917735271,1.8341,1.6844,1.6409
2019-06-06,1.6102,0.9918610314,1.8113,1.6897,1.6429
2019-06-07,1.3635,0.9918980835,1.7908,1.6914,1.6479
2019-06-10,1.9579,0.992057703,1.7917,1.7179,1.6617
2019-06-11,1.9555,0.9921108528,1.7969,1.7273,1.6664
2019-06-12,2.1023,0.9921679957,1.8068,1.7378,1.6707
2019-06-13,1.8346,0.992217865,1.8081,1.7467,1.672
2019-06-14,1.1671,0.9922495916,1.791,1.7478,1.6696
2019-06-17,1.2907,0.9923548543,1.7415,1.7514,1.6653
2019-06-18,1.2541,0.9923889505,1.7162,1.7515,1.6642
2019-06-19,1.3965,0.9924269196,1.6954,1.7534,1.6632
2019-06-20,1.2413,0.9924606703,1.6697,1.7515,1.6595
2019-06-21,1.2634,0.992495023,1.6446,1.748,1.6553
2019-06-24,1.5855,0.99262436,1.6404,1.7461,1.6474
2019-06-25,1.5577,0.992666722,1.6358,1.7452,1.6452
2019-06-26,1.4176,0.9927052755,1.6266,1.7434,1.6423
2019-06-27,1.3439,0.9927418261,1.615,1.7398,1.6377
2019-06-28,1.4207,0.9927804669,1.6069,1.735,1.6361
2019-07-01,1.673,0.992916981,1.5875,1.715,1.6324
2019-07-02,1.5492,0.9929591242,1.5766,1.715,1.6312
2019-07-03,1.5807,0.9930021261,1.5668,1.7156,1.6329
2019-07-04,1.5546,0.9930444199,1.5591,1.7162,1.6363
2019-07-05,1.3368,0.9930807898,1.55,1.7151,1.6367
2019-07-08,1.5244,0.993205216,1.538,1.7082,1.6417
2019-07-09,1.4361,0.9932442939,1.5206,1.7043,1.6434
2019-07-10,1.4389,0.9932834495,1.5033,1.7005,1.6448
2019-07-11,1.4191,0.9933220678,1.4854,1.6973,1.6467
2019-07-12,1.2798,0.9933568967,1.4579,1.6933,1.6475
2019-07-15,1.3533,0.9934673879,1.4502,1.683,1.6512
2019-07-16,1.373,0.9935047586,1.4529,1.6805,1.6528
2019-07-17,1.3579,0.9935417197,1.4551,1.6773,1.6528
2019-07-18,1.4758,0.9935818914,1.4625,1.6759,1.6524
2019-07-19,1.5818,0.9936249503,1.4687,1.674,1.6521
2019-07-22,1.7574,0.9937684733,1.5082,1.6742,1.6551
2019-07-23,1.7604,0.9938164029,1.514,1.674,1.6553
2019-07-24,1.6938,0.9938625214,1.5176,1.6738,1.6544
2019-07-25,1.6323,0.9939069675,1.5201,1.6732,1.6528
2019-07-26,1.5729,0.993949798,1.5253,1.671,1.6518
2019-07-29,1.6436,0.9940840711,1.5417,1.6702,1.6495
2019-07-30,1.7231,0.9941310001,1.5434,1.6687,1.6485
2019-07-31,1.9407,0.9941838579,1.5563,1.6718,1.6487
2019-08-01,1.9413,0.9942367348,1.565,1.6703,1.6489
2019-08-02,1.6926,0.9942828402,1.5696,1.6661,1.6492
2019-08-05,1.7049,0.9944221678,1.5904,1.6578,1.6495
2019-08-06,1.7662,0.994470287,1.5982,1.6556,1.6496
2019-08-07,1.8936,0.9945218795,1.6101,1.6545,1.6504
2019-08-08,1.6249,0.9945661535,1.6134,1.6487,1.6503
2019-08-13,1.8084,0.9948125334,1.6816,1.6483,1.6505
2019-08-14,1.6639,0.9948578832,1.6917,1.648,1.6502
2019-08-15,1.6949,0.99490408,1.7027,1.6462,1.6504
2019-08-16,1.5082,0.99494519,1.7071,1.6438,1.6502
2019-08-19,1.6281,0.99507833,1.7222,1.6328,1.6514
2019-08-20,1.4024,0.9951165629,1.7107,1.6258,1.6497
2019-08-21,1.2771,0.995151381,1.6952,1.6175,1.6482
2019-08-22,1.3259,0.9951875309,1.6813,1.6135,1.647
2019-08-23,1.2491,0.9952215882,1.6648,1.6081,1.6445
2019-08-26,1.286,0.9953267817,1.6312,1.5972,1.6378
2019-08-27,1.3413,0.9953633579,1.6214,1.5933,1.6365
2019-08-28,1.4376,0.9954025616,1.6147,1.5907,1.6366
2019-08-29,1.6368,0.9954471993,1.6145,1.5886,1.6366
2019-08-30,1.9107,0.9954993089,1.6206,1.5886,1.6382
2019-09-02,1.7441,0.9956420144,1.6095,1.5875,1.639
2019-09-03,1.4403,0.9956813027,1.601,1.5827,1.637
2019-09-04,1.5036,0.9957223193,1.5945,1.5796,1.6354
2019-09-05,1.511,0.9957635395,1.5882,1.5786,1.6358
2019-09-06,1.5743,0.9958064883,1.582,1.5782,1.6373
2019-09-09,1.6121,0.995938434,1.5662,1.5733,1.6443
2019-09-10,1.7302,0.9959856442,1.5636,1.5708,1.6478
2019-09-11,1.6328,0.9960301989,1.558,1.5673,1.6507
2019-09-12,1.6192,0.9960743844,1.5519,1.5621,1.6533
2019-09-13,1.4631,0.996114312,1.5407,1.558,1.6558
2019-09-16,1.4859,0.9962359662,1.5275,1.5657,1.6617
2019-09-17,1.5503,0.9962782803,1.525,1.5686,1.6634
2019-09-18,1.4199,0.9963170369,1.5183,1.5704,1.6644
2019-09-19,1.1938,0.9963496233,1.5042,1.5682,1.6643
2019-09-20,0.749,0.9963700689,1.4831,1.5628,1.6606
2019-09-23,0.6849,0.9964261577,1.4251,1.5368,1.6452
2019-09-24,0.7375,0.996446291,1.4074,1.5276,1.6402
2019-09-25,1.2017,0.9964790973,1.4047,1.5237,1.6378
2019-09-26,1.5154,0.9965204689,1.4121,1.5248,1.6374
2019-09-27,1.5821,0.9965636633,1.4198,1.5274,1.6369
2019-09-30,1.5874,0.9966936862,1.4126,1.5273,1.6304
2019-10-01,1.7204,0.9967406646,1.4007,1.5278,1.6242
2019-10-02,1.4092,0.996779147,1.3896,1.5263,1.6234
2019-10-03,1.4611,0.9968190482,1.3903,1.525,1.623
2019-10-04,1.3062,0.9968547207,1.3837,1.5223,1.622
2019-10-07,1.1102,0.996945683,1.3381,1.5108,1.6133
2019-10-08,1.117,0.9969761922,1.3215,1.5063,1.6099
2019-10-09,0.9774,0.9970028894,1.3004,1.5013,1.6055
2019-10-10,1.06,0.9970318434,1.278,1.4972,1.6015
2019-10-11,1.1568,0.9970634425,1.2621,1.4943,1.5984
2019-10-14,1.2871,0.9971689209,1.2385,1.493,1.5923
2019-10-15,1.0672,0.9971980765,1.2246,1.4898,1.5891
2019-10-16,1.0975,0.9972280607,1.2116,1.4868,1.5863
2019-10-17,1.2266,0.997261573,1.2008,1.4854,1.584
2019-10-18,1.2593,0.9972959799,1.1955,1.483,1.5821
2019-10-21,1.2586,0.9973991468,1.2338,1.4686,1.5739
2019-10-22,1.3364,0.9974356652,1.2555,1.464,1.5716
2019-10-23,1.4067,0.9974741061,1.2796,1.4602,1.5696
2019-10-24,1.5925,0.9975176261,1.3081,1.4591,1.5689
2019-10-25,1.4978,0.9975585598,1.318,1.4576,1.5679
2019-10-29,1.7417,0.9977489651,1.3411,1.4627,1.5689
2019-10-30,1.73,0.9977962556,1.3459,1.4627,1.5682
2019-10-31,1.6836,0.99784228,1.3569,1.4599,1.5689
2019-11-01,1.6432,0.997887202,1.3544,1.4567,1.5665
2019-11-04,1.338,0.9979969423,1.3491,1.4448,1.5557
2019-11-05,1.0749,0.9980263326,1.348,1.4379,1.5509
2019-11-06,0.8751,0.9980502606,1.3404,1.4282,1.5449
2019-11-07,0.7925,0.9980719306,1.3301,1.4162,1.5383
2019-11-08,0.5491,0.9980869455,1.3118,1.4045,1.5295
2019-11-11,0.7595,0.9981492507,1.2822,1.3701,1.5119
2019-11-12,0.6814,0.9981678846,1.2627,1.3579,1.5058
2019-11-13,0.9573,0.998194064,1.252,1.3486,1.5013
2019-11-14,0.9095,0.9982189368,1.2398,1.3404,1.4969
2019-11-15,0.9153,0.9982439688,1.2349,1.3319,1.4918
2019-11-18,1.1029,0.998334459,1.226,1.316,1.4793
2019-11-19,1.044,0.9983630141,1.2191,1.3096,1.4739
2019-11-20,1.0882,0.998392779,1.2136,1.3062,1.4687
2019-11-21,1.3661,0.9984301462,1.2171,1.3072,1.465
2019-11-22,1.5404,0.9984722827,1.2237,1.3095,1.4641
2019-11-25,1.5447,0.9985990504,1.2281,1.3184,1.4627
2019-11-26,1.5496,0.9986414457,1.2219,1.3212,1.4619
2019-11-27,1.5313,0.9986833421,1.2151,1.3233,1.461
2019-11-28,1.4054,0.9987217955,1.2042,1.323,1.4595
2019-11-29,1.4213,0.9987606855,1.1939,1.3206,1.4573
2019-12-02,1.6264,0.9988941965,1.1831,1.3102,1.4522
2019-12-03,1.5192,0.9989357724,1.1892,1.311,1.4502
2019-12-04,1.2475,0.9989699141,1.1862,1.3082,1.4473
2019-12-05,1.1507,0.9990014077,1.1887,1.3042,1.4447
2019-12-06,1.2829,0.9990365205,1.2023,1.301,1.4429
2019-12-09,1.3218,0.999145057,1.2645,1.2914,1.4357
2019-12-10,1.369,0.9991825317,1.2848,1.2874,1.4324
2019-12-11,1.3442,0.999219329,1.3043,1.2843,1.4291
2019-12-12,1.2755,0.999254247,1.3242,1.2805,1.4245
2019-12-13,1.0079,0.9992818401,1.3259,1.2754,1.42
2019-12-16,1.1518,0.9993764406,1.3435,1.2644,1.4184
2019-12-17,0.6668,0.9993946977,1.3289,1.2547,1.4149
2019-12-18,0.4863,0.9994080129,1.3083,1.2444,1.4107
2019-12-19,0.2698,0.9994154003,1.2825,1.2342,1.4045
2019-12-20,0.9469,0.9994413276,1.2778,1.2364,1.4029
2019-12-23,1.4292,0.9995587305,1.2723,1.261,1.4021
2019-12-24,1.9062,0.9996109321,1.2844,1.2739,1.4039
2019-12-26,1.9185,0.9997160145,1.3092,1.2862,1.4086
2019-12-27,1.3502,0.9997529958,1.3031,1.2836,1.4086
2019-12-30,1.1994,0.9998515522,1.2746,1.2708,1.4022
2019-12-31,1.0252,0.9998796357,1.2666,1.2682,1.4002
2020-01-02,1.3562,0.9999539391,1.2491,1.2636,1.3974
2020-01-03,1.6813,1.0,1.2544,1.266,1.3979
2020-01-06,1.2271,1.0001008575,1.2544,1.2677,1.3939
2020-01-07,0.9619,1.0001272136,1.2428,1.2661,1.3908
2020-01-08,1.0309,1.000155461,1.2334,1.2652,1.3881
2020-01-09,1.0006,1.000182879,1.223,1.2654,1.3858
2020-01-10,1.0299,1.0002111006,1.212,1.2651,1.3835
2020-01-13,1.181,1.0003081896,1.2093,1.263,1.3807
2020-01-14,1.0595,1.0003372259,1.2063,1.2606,1.3791
2020-01-15,0.8209,1.0003597239,1.1956,1.2579,1.3762
2020-01-16,0.8514,1.0003830583,1.186,1.2552,1.3734
2020-01-17,0.9215,1.0004083146,1.1942,1.2519,1.371
2020-01-20,1.1806,1.0005053898,1.2535,1.2493,1.364
2020-01-21,0.7793,1.0005267513,1.2326,1.2441,1.3587
2020-01-22,1.0474,1.0005554623,1.2202,1.2409,1.3548
2020-01-23,1.0442,1.0005840864,1.2078,1.237,1.3509
2020-01-24,1.0101,1.0006117766,1.1789,1.2306,1.3471
2020-01-28,1.2578,1.000749702,1.1351,1.2122,1.3391
2020-01-29,1.1813,1.0007820906,1.1345,1.2061,1.3366
2020-01-30,1.0807,1.000811722,1.1307,1.199,1.3331
2020-01-31,1.3564,1.0008489138,1.1414,1.1954,1.3299
2020-02-03,1.6492,1.0009845796,1.1593,1.2023,1.3277
2020-02-04,1.471,1.0010249206,1.1671,1.2037,1.3265
2020-02-05,1.1359,1.0010560731,1.1642,1.2044,1.3233
2020-02-06,1.1134,1.0010866094,1.1605,1.207,1.3198
2020-02-07,0.9655,1.0011130902,1.1606,1.2089,1.3147
2020-02-10,0.7943,1.0011784478,1.1387,1.2123,1.2991
2020-02-11,0.9541,1.0012046183,1.1314,1.2144,1.2944
2020-02-12,0.833,1.0012274677,1.1202,1.2161,1.2891
2020-02-13,0.7835,1.0012489598,1.1073,1.2142,1.2834
2020-02-14,0.9036,1.0012737469,1.1023,1.2141,1.2793
2020-02-17,1.065,1.0013613927,1.1217,1.2149,1.2703
2020-02-18,0.9734,1.0013880975,1.115,1.2135,1.2668
2020-02-19,1.1336,1.0014191981,1.1135,1.2145,1.2641
2020-02-20,1.0811,1.0014488593,1.1103,1.2144,1.2623
2020-02-21,0.6284,1.0014661007,1.1054,1.2064,1.2588
2020-02-24,0.7445,1.0015273822,1.0774,1.1803,1.2499
2020-02-25,0.925,1.0015527634,1.0666,1.1735,1.2479
2020-02-26,0.9665,1.0015792839,1.0572,1.1671,1.2461
2020-02-27,0.9239,1.0016046362,1.0465,1.1605,1.2438
2020-02-28,0.9498,1.0016306999,1.0365,1.1556,1.2412
2020-03-02,1.2581,1.001734274,0.9996,1.1404,1.2271
2020-03-03,0.8472,1.0017575252,0.9719,1.133,1.2239
2020-03-04,0.6216,1.0017745853,0.9426,1.1261,1.219
2020-03-05,0.5175,1.0017887885,0.9212,1.1191,1.2135
2020-03-06,0.5118,1.0018028355,0.9005,1.1106,1.2076
2020-03-09,0.6843,1.0018591808,0.8832,1.0896,1.1922
2020-03-10,0.7093,1.0018786498,0.8803,1.0823,1.1866
2020-03-11,0.6182,1.0018956186,0.8687,1.0743,1.181
2020-03-12,0.3967,1.0019065077,0.8536,1.0646,1.1742
2020-03-13,0.5165,1.0019206853,0.8444,1.0592,1.169
2020-03-16,0.5155,1.0019631366,0.7931,1.0382,1.1529
2020-03-17,0.3803,1.0019735762,0.7695,1.035,1.1465
2020-03-18,0.58,1.001989498,0.7559,1.036,1.1418
2020-03-19,0.5029,1.0020033035,0.7341,1.0386,1.138
2020-03-20,0.4505,1.0020156707,0.7124,1.0331,1.1363
2020-03-23,0.5115,1.0020577965,0.6923,1.0028,1.1335
2020-03-24,0.3313,1.0020668919,0.678,0.9855,1.1312
2020-03-25,0.2191,1.002072907,0.6536,0.9667,1.1258
2020-03-26,0.2272,1.0020791446,0.6281,0.9481,1.1187
2020-03-27,0.2559,1.0020861701,0.6051,0.9361,1.1114
2020-03-30,0.1636,1.0020996448,0.5277,0.9018,1.0878
2020-03-31,0.2091,1.0021053856,0.5174,0.8929,1.083
2020-04-01,0.267,1.002112716,0.4854,0.8809,1.075
2020-04-02,0.2545,1.0021197034,0.453,0.8687,1.0686
2020-04-03,0.2404,1.0021263036,0.4334,0.8529,1.0619
2020-04-06,0.2481,1.0021467388,0.4042,0.8205,1.0466
2020-04-07,0.2391,1.0021533035,0.3898,0.8126,1.0419
2020-04-08,0.4194,1.0021648187,0.3813,0.8058,1.038
2020-04-09,0.6002,1.0021812981,0.3786,0.8014,1.036
2020-04-13,0.6151,1.0022488534,0.3857,0.7782,1.0232
2020-04-14,0.3271,1.0022578352,0.3796,0.7701,1.0179
2020-04-15,0.3969,1.0022687337,0.3757,0.7654,1.0142
2020-04-16,0.4392,1.0022807939,0.3733,0.7609,1.0106
2020-04-17,0.3678,1.0022908936,0.3729,0.7548,1.0059
2020-04-20,0.1952,1.0023069741,0.3423,0.7222,0.9883
2020-04-21,0.1123,1.002310058,0.3294,0.7149,0.9821
2020-04-22,0.055,1.0023115683,0.3147,0.704,0.975
2020-04-23,0.0723,1.0023135537,0.3005,0.6933,0.9677
2020-04-24,0.0704,1.0023154869,0.2921,0.6829,0.9593
2020-04-27,0.0805,1.0023221187,0.2772,0.6441,0.9333
2020-04-28,0.1393,1.002325944,0.2764,0.6318,0.9245
2020-04-29,0.1175,1.0023291706,0.275,0.62,0.9156
2020-04-30,0.1516,1.0023333337,0.2746,0.6098,0.9069
2020-05-04,0.0879,1.0023429891,0.2548,0.534,0.8733
2020-05-05,0.0849,1.0023453206,0.2494,0.5223,0.8679
2020-05-06,0.0708,1.0023472648,0.2435,0.5107,0.8634
2020-05-08,0.0387,1.0023493904,0.2241,0.492,0.8565
2020-05-11,0.0388,1.0023525869,0.1669,0.465,0.8445
2020-05-12,0.0458,1.0023538446,0.148,0.4562,0.841
2020-05-13,0.05,1.0023552177,0.1291,0.4481,0.836
2020-05-14,0.0269,1.0023559565,0.1191,0.4383,0.8312
2020-05-15,0.0207,1.0023565249,0.1066,0.4267,0.8262
2020-05-18,0.0235,1.002358461,0.0755,0.393,0.8084
2020-05-19,0.0152,1.0023588784,0.0695,0.3806,0.8027
2020-05-20,0.0135,1.0023592491,0.0635,0.3687,0.7968
2020-05-21,0.015,1.0023596611,0.0602,0.3619,0.7893
2020-05-22,0.0518,1.0023610836,0.0601,0.3542,0.7811
2020-05-26,0.0429,1.0023657961,0.0557,0.3185,0.7479
2020-05-27,0.0883,1.002368221,0.056,0.3092,0.74
2020-05-28,0.0838,1.0023705223,0.0541,0.2996,0.7327
2020-05-29,0.0897,1.0023729856,0.0532,0.2866,0.7253
2020-06-01,0.1246,1.002383251,0.0558,0.2707,0.7056
2020-06-02,0.0545,1.0023847478,0.0547,0.2576,0.697
2020-06-03,0.0371,1.0023857666,0.0531,0.2488,0.6888
2020-06-04,0.0286,1.002386552,0.0512,0.2424,0.6822
2020-06-05,0.0377,1.0023875874,0.0496,0.2371,0.6761
2020-06-08,0.0369,1.0023906275,0.0484,0.2179,0.6551
2020-06-09,0.0472,1.0023919237,0.0487,0.211,0.6482
2020-06-10,0.0378,1.0023929618,0.0487,0.2037,0.6409
2020-06-11,0.0708,1.0023949062,0.0497,0.1977,0.6339
2020-06-12,0.1004,1.0023976635,0.0515,0.1945,0.6274
2020-06-15,0.1215,1.0024076737,0.0601,0.1816,0.6113
2020-06-16,0.1139,1.0024108018,0.063,0.1773,0.6056
2020-06-17,0.1057,1.0024137047,0.0657,0.1743,0.6025
2020-06-18,0.065,1.0024154898,0.067,0.1687,0.6002
2020-06-19,0.0884,1.0024179175,0.0694,0.1642,0.5992
2020-06-22,0.1049,1.0024265603,0.0769,0.1516,0.5801
2020-06-23,0.1386,1.0024303668,0.08,0.1475,0.573
2020-06-24,0.1507,1.0024345056,0.0835,0.1455,0.5634
2020-06-25,0.0979,1.0024371943,0.0853,0.1442,0.5534
2020-06-26,0.1942,1.0024425278,0.0901,0.1439,0.544
2020-06-29,0.1701,1.0024565428,0.0981,0.1431,0.5262
2020-06-30,0.1538,1.0024607668,0.0991,0.143,0.5205
2020-07-01,0.1647,1.0024652903,0.0996,0.1411,0.5111
2020-07-02,0.1006,1.0024680532,0.1011,0.1394,0.5042
2020-07-03,0.0668,1.0024698879,0.1021,0.1375,0.4953
2020-07-06,0.0962,1.0024778143,0.1083,0.1325,0.4766
2020-07-07,0.0461,1.0024790804,0.1086,0.1304,0.4716
2020-07-08,0.0158,1.0024795144,0.1079,0.126,0.466
2020-07-09,0.0178,1.0024800032,0.1069,0.1195,0.4606
2020-07-13,0.0093,1.0024810249,0.0971,0.0929,0.4356
2020-07-14,0.0165,1.0024814781,0.0936,0.0895,0.4299
2020-07-15,0.0244,1.0024821483,0.0904,0.0854,0.4255
2020-07-16,0.0178,1.0024826372,0.0872,0.0808,0.4209
2020-07-17,0.0243,1.0024833046,0.0845,0.077,0.416
2020-07-20,0.0205,1.0024849937,0.0779,0.0712,0.3968
2020-07-21,0.0214,1.0024855814,0.0751,0.0702,0.3926
2020-07-22,0.029,1.0024863779,0.0726,0.07,0.387
2020-07-23,0.0446,1.0024876029,0.0695,0.0696,0.3815
2020-07-24,0.2409,1.0024942193,0.0725,0.0715,0.3773
2020-07-27,0.2719,1.002516623,0.0843,0.0778,0.361
2020-07-28,0.2654,1.0025239125,0.0874,0.0792,0.3556
2020-07-29,0.2681,1.0025312763,0.0907,0.0809,0.3505
2020-07-30,0.1112,1.0025343306,0.0893,0.0804,0.3452
2020-08-03,0.1015,1.002545482,0.0888,0.0811,0.3127
2020-08-04,0.1313,1.0025490885,0.0899,0.0816,0.3054
2020-08-05,0.092,1.0025516154,0.0898,0.0817,0.2996
2020-08-06,0.0362,1.0025526097,0.0878,0.0813,0.2937
2020-08-07,0.048,1.0025539282,0.0879,0.0814,0.2886
2020-08-11,0.1567,1.0025711446,0.1064,0.0865,0.2737
2020-08-12,0.0836,1.0025734409,0.1088,0.0869,0.2696
2020-08-13,0.0857,1.0025757949,0.1113,0.0873,0.2658
2020-08-14,0.0806,1.0025780088,0.1134,0.0879,0.2612
2020-08-17,0.1091,1.0025869991,0.1218,0.0907,0.2455
2020-08-18,0.1038,1.0025898502,0.1245,0.0916,0.2407
2020-08-19,0.1335,1.0025935173,0.1281,0.0929,0.2352
2020-08-20,0.1317,1.0025971348,0.1317,0.0942,0.23
2020-08-21,0.0672,1.0025989807,0.1332,0.0947,0.2269
2020-08-24,0.0552,1.0026035295,0.1284,0.095,0.2155
2020-08-25,0.0608,1.0026051996,0.1216,0.0952,0.2107
2020-08-26,0.0503,1.0026065813,0.1144,0.0953,0.2057
2020-08-27,0.041,1.0026077075,0.107,0.0948,0.2008
2020-08-28,0.0959,1.0026103417,0.1015,0.0949,0.1961
2020-08-31,0.1919,1.0026261555,0.1046,0.0975,0.1903
2020-09-01,0.2128,1.0026320009,0.1082,0.0985,0.1846
2020-09-02,0.1274,1.0026355005,0.109,0.0992,0.1785
2020-09-03,0.085,1.0026378354,0.1085,0.0998,0.1743
2020-09-04,0.066,1.0026396484,0.1064,0.1002,0.1713
2020-09-07,0.076,1.0026459115,0.108,0.1014,0.1632
2020-09-08,0.0506,1.0026473015,0.1046,0.1016,0.1598
2020-09-09,0.0401,1.002648403,0.1008,0.1015,0.1563
2020-09-10,0.0759,1.002650488,0.0982,0.1019,0.1528
2020-09-11,0.0836,1.0026527844,0.0959,0.1021,0.1499
2020-09-14,0.1588,1.0026658711,0.1032,0.1035,0.1447
2020-09-15,0.0814,1.0026681072,0.1023,0.1031,0.1424
2020-09-16,0.0477,1.0026694175,0.1003,0.1024,0.1398
2020-09-17,0.0581,1.0026710136,0.0987,0.1018,0.1381
2020-09-18,0.0298,1.0026718322,0.0963,0.1015,0.1351
2020-09-21,0.1386,1.0026832544,0.099,0.1027,0.1294
2020-09-22,0.1586,1.0026876113,0.1023,0.1033,0.1275
2020-09-23,0.0551,1.0026891249,0.1023,0.1024,0.125
2020-09-24,0.1391,1.0026929461,0.105,0.1023,0.1239
2020-09-25,0.1323,1.0026965805,0.1073,0.1027,0.1235
2020-09-28,0.1206,1.0027065196,0.1129,0.1008,0.1219
2020-09-29,0.1522,1.0027107008,0.1117,0.1006,0.1219
2020-09-30,0.0737,1.0027127254,0.1079,0.0997,0.1214
2020-10-01,0.0786,1.0027148847,0.1006,0.0988,0.1199
2020-10-02,0.0472,1.0027161813,0.0979,0.0982,0.1187
2020-10-05,0.0769,1.002722519,0.098,0.0979,0.116
2020-10-06,0.1439,1.0027264722,0.1003,0.0984,0.1154
2020-10-07,0.1596,1.0027308568,0.1031,0.0996,0.1149
2020-10-08,0.2015,1.0027363924,0.1081,0.1017,0.1138
2020-10-09,0.0608,1.0027380627,0.1088,0.1021,0.1108
2020-10-12,0.2147,1.0027557576,0.1197,0.1088,0.1042
2020-10-13,0.1456,1.0027597576,0.1192,0.1103,0.1017
2020-10-14,0.0985,1.0027624637,0.1172,0.1112,0.1004
2020-10-15,0.1177,1.0027656973,0.1184,0.1122,0.0989
2020-10-16,0.1689,1.0027703375,0.1225,0.1139,0.0974
2020-10-19,0.1113,1.0027795108,0.126,0.1168,0.0951
2020-10-20,0.0837,1.0027818103,0.1242,0.1175,0.0945
2020-10-21,0.1073,1.0027847582,0.1232,0.1184,0.0945
2020-10-22,0.0555,1.002786283,0.1197,0.1187,0.0945
2020-10-23,0.1126,1.0027893765,0.1216,0.1194,0.0947
2020-10-26,0.1214,1.0027993824,0.1207,0.1149,0.0954
2020-10-27,0.1026,1.0028022012,0.1201,0.113,0.0955
2020-10-28,0.1207,1.0028055174,0.1201,0.1114,0.0954
2020-10-29,0.1286,1.0028090505,0.1193,0.1099,0.0955
2020-10-30,0.1247,1.0028124766,0.121,0.1101,0.0953
2020-11-02,0.3057,1.0028376733,0.1427,0.1167,0.0989
2020-11-03,0.145,1.0028416571,0.1449,0.1172,0.0992
2020-11-04,0.0948,1.0028442618,0.1454,0.1168,0.0992
2020-11-05,0.0723,1.0028462482,0.1453,0.1166,0.0991
2020-11-06,0.0484,1.002847578,0.1422,0.1167,0.099
2020-11-09,0.0749,1.0028537517,0.1358,0.1152,0.0996
2020-11-10,0.0993,1.00285648,0.1321,0.1146,0.0999
2020-11-11,0.0653,1.0028582742,0.1273,0.1136,0.1001
2020-11-12,0.0902,1.0028607525,0.1233,0.1137,0.1003
2020-11-13,0.0802,1.002862956,0.1212,0.1136,0.1005
2020-11-16,0.0915,1.0028704981,0.1176,0.1134,0.1016
2020-11-17,0.1487,1.0028745838,0.1188,0.1138,0.1023
2020-11-18,0.097,1.0028772489,0.1184,0.1137,0.1027
2020-11-19,0.0702,1.0028791778,0.117,0.113,0.103
2020-11-20,0.1071,1.0028821205,0.1178,0.1128,0.1035
2020-11-23,0.0924,1.0028897369,0.1178,0.1139,0.1044
2020-11-24,0.0708,1.0028916822,0.1162,0.114,0.1045
2020-11-25,0.1215,1.0028950206,0.1162,0.1147,0.105
2020-11-26,0.1104,1.002898054,0.1159,0.1153,0.1053
2020-11-27,0.1219,1.0029014034,0.1165,0.1162,0.1055
2020-11-30,0.187,1.0029168179,0.1225,0.1171,0.1069
2020-12-01,0.1849,1.0029218984,0.1124,0.116,0.1072
2020-12-02,0.1787,1.0029268086,0.1081,0.1165,0.1079
2020-12-03,0.1773,1.0029316803,0.1092,0.1176,0.1086
2020-12-04,0.1413,1.0029355629,0.1108,0.1184,0.1092
2020-12-07,0.0685,1.0029412096,0.1111,0.1181,0.1098
2020-12-08,0.103,1.0029440398,0.112,0.1187,0.1101
2020-12-09,0.1078,1.0029470019,0.1131,0.1195,0.1104
2020-12-10,0.0808,1.0029492222,0.1125,0.1195,0.1107
2020-12-11,0.1015,1.0029520112,0.1137,0.1197,0.1109
2020-12-14,0.0811,1.0029586966,0.1131,0.1171,0.1103
2020-12-15,0.0945,1.0029612933,0.1132,0.1173,0.1102
2020-12-16,0.0789,1.0029634614,0.1128,0.1176,0.11
2020-12-17,0.1219,1.002966811,0.1119,0.1183,0.1101
2020-12-18,0.1234,1.0029702018,0.1128,0.1194,0.1104
2020-12-21,0.1382,1.0029815945,0.1176,0.1193,0.111
2020-12-22,0.1307,1.002985186,0.1189,0.119,0.1112
2020-12-23,0.1513,1.0029893436,0.1208,0.1201,0.1112
2020-12-24,0.1564,1.0029936413,0.1237,0.1203,0.1113
2020-12-28,0.2342,1.0030193839,0.1369,0.1252,0.1129
2020-12-29,0.117,1.003022599,0.1346,0.1248,0.1126
2020-12-30,0.2152,1.0030285128,0.1355,0.1263,0.113
2020-12-31,0.308,1.0030369767,0.1411,0.1283,0.114
2021-01-04,0.938,1.0031400834,0.2401,0.1661,0.1321
2021-01-05,0.0901,1.0031425596,0.2408,0.1662,0.1321
2021-01-06,0.1198,1.0031458521,0.2425,0.1659,0.1322
2021-01-07,0.1296,1.003149414,0.2444,0.1656,0.1326
2021-01-08,0.1772,1.0031542841,0.2468,0.1653,0.1335
2021-01-11,0.195,1.003170362,0.2563,0.1664,0.1365
2021-01-12,0.218,1.0031763535,0.2608,0.1664,0.1376
2021-01-13,0.1366,1.0031801079,0.2625,0.1663,0.1383
2021-01-14,0.1166,1.0031833126,0.2637,0.1665,0.1389
2021-01-15,0.0954,1.0031859346,0.2637,0.1663,0.1393
2021-01-18,0.1011,1.0031942707,0.263,0.1653,0.1406
2021-01-19,0.1652,1.0031988111,0.2639,0.1659,0.1414
2021-01-20,0.1444,1.00320278,0.2641,0.1666,0.142
2021-01-21,0.0991,1.0032055037,0.2629,0.1665,0.1425
2021-01-22,0.1174,1.0032087305,0.2624,0.1671,0.1429
2021-01-25,0.1422,1.0032204557,0.2587,0.1679,0.1422
2021-01-26,0.1151,1.0032236192,0.2549,0.1678,0.1414
2021-01-27,0.1375,1.0032273985,0.2517,0.1682,0.1406
2021-01-28,0.1084,1.0032303779,0.2477,0.1681,0.1398
2021-01-29,0.2762,1.0032379695,0.2528,0.1697,0.1398
2021-02-01,0.237,1.003257512,0.2286,0.1694,0.142
2021-02-02,0.2074,1.0032632127,0.205,0.1684,0.1426
2021-02-03,0.1499,1.003267333,0.1796,0.1684,0.1428
2021-02-04,0.0794,1.0032695154,0.1519,0.1682,0.1425
2021-02-05,0.0742,1.003271555,0.1514,0.1683,0.1425
2021-02-08,0.0953,1.0032794135,0.1469,0.1692,0.1427
2021-02-09,0.1133,1.0032825278,0.1442,0.1696,0.1425
2021-02-10,0.1684,1.0032871566,0.1434,0.1704,0.1425
2021-02-11,0.1984,1.0032926101,0.1435,0.1718,0.1427
2021-02-15,0.3526,1.0033313784,0.1707,0.1833,0.1485
2021-02-16,0.1975,1.0033368074,0.1738,0.1845,0.1489
2021-02-17,0.1493,1.0033409115,0.1754,0.1845,0.1492
2021-02-18,0.1093,1.003343916,0.1756,0.1846,0.1492
2021-02-19,0.0952,1.0033465329,0.1734,0.1849,0.149
2021-02-22,0.2915,1.003370572,0.1899,0.1912,0.1524
2021-02-23,0.2423,1.0033772327,0.1932,0.1929,0.1534
2021-02-24,0.18,1.0033821809,0.1944,0.194,0.1541
2021-02-25,0.1738,1.0033869586,0.1954,0.1946,0.1547
2021-02-26,0.2477,1.0033937679,0.1997,0.1961,0.1557
2021-03-01,0.2626,1.0034154247,0.2052,0.1996,0.1576
2021-03-02,0.1225,1.0034187924,0.2021,0.1989,0.1575
2021-03-03,0.0673,1.0034206425,0.1992,0.1977,0.1574
2021-03-04,0.0402,1.0034217476,0.1978,0.1966,0.1573
2021-03-05,0.0881,1.0034241696,0.1983,0.1968,0.1574
2021-03-08,0.1602,1.0034373818,0.2052,0.1995,0.1589
2021-03-09,0.18,1.0034423303,0.2076,0.2003,0.1597
2021-03-10,0.1924,1.0034476197,0.2085,0.2015,0.1603
2021-03-11,0.1407,1.0034514877,0.2064,0.202,0.1606
2021-03-12,0.3155,1.0034601614,0.2051,0.2046,0.1615
2021-03-15,0.3893,1.0034922694,0.209,0.2147,0.1658
2021-03-16,0.3427,1.0035016912,0.2142,0.2176,0.1674
2021-03-17,0.2377,1.0035082263,0.2174,0.2189,0.1684
2021-03-18,0.2138,1.0035141044,0.2211,0.2199,0.1694
2021-03-19,0.2602,1.0035212582,0.227,0.2213,0.1701
2021-03-22,0.1901,1.0035369379,0.2161,0.2231,0.1708
2021-03-23,0.1392,1.0035407651,0.2125,0.223,0.1713
2021-03-24,0.2282,1.0035470393,0.2142,0.2238,0.1718
2021-03-25,0.2232,1.0035531761,0.2159,0.2236,0.1723
2021-03-26,0.2672,1.0035605226,0.2166,0.224,0.1731
2021-03-29,0.3997,1.0035934916,0.2324,0.2308,0.1775
2021-03-30,0.2246,1.0035996672,0.2322,0.2309,0.1784
2021-03-31,0.1754,1.00360449,0.2303,0.2295,0.1784
2021-04-01,0.2315,1.0036108553,0.2293,0.2216,0.1792
2021-04-05,0.0946,1.0036212598,0.2313,0.1935,0.1798
2021-04-06,0.1315,1.0036248756,0.2303,0.1937,0.1797
2021-04-07,0.0873,1.0036272761,0.228,0.1932,0.1793
2021-04-08,0.0507,1.0036286702,0.2245,0.1918,0.1785
2021-04-09,0.0507,1.0036300642,0.2203,0.1902,0.1784
2021-04-12,0.0635,1.0036353024,0.2055,0.1855,0.1759
2021-04-13,0.0412,1.0036364352,0.1943,0.1845,0.1753
2021-04-14,0.0679,1.0036383023,0.1839,0.1839,0.1752
2021-04-15,0.091,1.0036408045,0.1743,0.1839,0.175
2021-04-16,0.061,1.0036424818,0.1652,0.1834,0.1744
2021-04-19,0.1517,1.0036549957,0.1569,0.1844,0.1751
2021-04-20,0.0657,1.0036568023,0.1529,0.1835,0.175
2021-04-21,0.1447,1.0036607812,0.1514,0.1841,0.1752
2021-04-22,0.1091,1.0036637812,0.1488,0.184,0.1755
2021-04-23,0.1791,1.003668706,0.1501,0.1844,0.1759
2021-04-26,0.1937,1.003684685,0.1457,0.1864,0.1771
2021-04-27,0.0839,1.0036869921,0.1355,0.1858,0.1769
2021-04-28,0.1885,1.0036921755,0.1287,0.1867,0.1773
2021-04-29,0.176,1.0036970152,0.1215,0.1856,0.1776
2021-04-30,0.185,1.0037021024,0.1202,0.185,0.1779
2021-05-03,0.2504,1.0037227594,0.1294,0.1862,0.1772
2021-05-04,0.1984,1.0037282153,0.1328,0.1875,0.1778
2021-05-05,0.1561,1.003732508,0.1349,0.1884,0.1782
2021-05-06,0.1897,1.0037377246,0.1368,0.1895,0.179
2021-05-07,0.0815,1.0037399658,0.1366,0.1893,0.179
2021-05-10,0.2114,1.0037574062,0.1523,0.1922,0.1812
2021-05-11,0.1767,1.0037622654,0.156,0.192,0.1818
2021-05-12,0.1049,1.0037651502,0.1574,0.1892,0.1819
2021-05-14,0.1544,1.0037736424,0.1641,0.1847,0.1826
2021-05-17,0.1784,1.0037883607,0.1718,0.1829,0.1837
2021-05-18,0.1715,1.0037930771,0.1724,0.1836,0.1842
2021-05-19,0.1064,1.0037960033,0.1709,0.1837,0.1844
2021-05-20,0.0635,1.0037977496,0.1709,0.1812,0.1841
2021-05-21,0.072,1.0037997297,0.1684,0.1787,0.184
2021-05-24,0.067,1.0038052575,0.1591,0.1729,0.1837
2021-05-25,0.1014,1.0038080461,0.156,0.1721,0.1836
2021-05-27,0.0841,1.0038126719,0.1523,0.1683,0.1832
2021-05-28,0.1136,1.0038157961,0.1499,0.1666,0.1828
2021-05-31,0.2438,1.0038359109,0.157,0.1691,0.1838
2021-06-01,0.1514,1.0038400747,0.1538,0.1679,0.1836
2021-06-02,0.1783,1.0038449784,0.1514,0.1685,0.1836
2021-06-03,0.1617,1.0038494256,0.1486,0.1695,0.1835
2021-06-04,0.0999,1.0038521731,0.1454,0.1702,0.1833
2021-06-07,0.0772,1.0038585428,0.1391,0.1683,0.1834
2021-06-08,0.0772,1.003860666,0.1348,0.1674,0.1833
2021-06-09,0.1203,1.0038639746,0.1318,0.1667,0.1834
2021-06-10,0.0623,1.0038656881,0.127,0.1653,0.1833
2021-06-11,0.0619,1.0038673905,0.1233,0.1644,0.183
2021-06-14,0.1087,1.0038763593,0.1205,0.1561,0.1835
2021-06-15,0.107,1.0038793022,0.1182,0.153,0.1836
2021-06-16,0.0944,1.0038818985,0.1155,0.1503,0.1836
2021-06-17,0.1069,1.0038848387,0.1132,0.1489,0.1836
2021-06-18,0.1888,1.0038900314,0.1137,0.1486,0.1839
2021-06-21,0.2384,1.0039097021,0.129,0.1494,0.1856
2021-06-22,0.1659,1.0039142651,0.1322,0.1492,0.1858
2021-06-23,0.1492,1.0039183687,0.1348,0.1493,0.1858
2021-06-24,0.1443,1.0039223377,0.1373,0.1484,0.1857
2021-06-25,0.2042,1.0039279541,0.1406,0.1482,0.1855
2021-06-28,0.1029,1.0039364449,0.1415,0.1399,0.1834
2021-06-29,0.1065,1.0039393742,0.1371,0.1367,0.1833
2021-06-30,0.0565,1.0039409282,0.131,0.1349,0.1824
2021-07-01,0.0665,1.0039427573,0.1245,0.1326,0.1769
2021-07-02,0.0609,1.0039444324,0.1205,0.1323,0.1721
2021-07-05,0.1096,1.0039534761,0.1202,0.1328,0.163
2021-07-06,0.1163,1.003956675,0.1215,0.1326,0.163
2021-07-07,0.0957,1.0039593073,0.1221,0.1327,0.1628
2021-07-08,0.0938,1.0039618874,0.1227,0.1332,0.1623
2021-07-09,0.113,1.0039649955,0.1224,0.1339,0.1619
2021-07-12,0.1433,1.0039768203,0.129,0.1365,0.1609
2021-07-13,0.0714,1.0039787842,0.1278,0.1368,0.1605
2021-07-14,0.0675,1.0039806409,0.1264,0.1368,0.1603
2021-07-15,0.0877,1.0039830532,0.1257,0.1368,0.1602
2021-07-16,0.0879,1.003985471,0.1255,0.1371,0.1602
2021-07-19,0.0809,1.0039921469,0.1158,0.1347,0.1595
2021-07-21,0.0918,1.0039971971,0.106,0.1344,0.1591
2021-07-22,0.1569,1.0040015129,0.1057,0.135,0.1594
2021-07-23,0.1912,1.0040067722,0.1071,0.1351,0.1596
2021-07-26,0.0974,1.0040148098,0.1018,0.1319,0.159
2021-07-27,0.0814,1.0040170488,0.1011,0.1319,0.1587
2021-07-28,0.1232,1.0040204377,0.1018,0.1312,0.1588
2021-07-29,0.1232,1.0040238267,0.1023,0.1306,0.158
2021-07-30,0.1314,1.0040274411,0.1048,0.13,0.1574
2021-08-02,0.2749,1.0040501267,0.124,0.1321,0.1582
2021-08-03,0.226,1.0040563435,0.1277,0.1319,0.1586
2021-08-04,0.115,1.004059507,0.1279,0.1309,0.1588
2021-08-05,0.083,1.0040617902,0.127,0.1302,0.1588
2021-08-06,0.0861,1.0040641587,0.1261,0.129,0.1588
2021-08-10,0.2318,1.0040896647,0.1416,0.1313,0.1613
2021-08-11,0.0678,1.0040915298,0.1391,0.1301,0.1606
2021-08-12,0.1028,1.0040943578,0.1378,0.1301,0.1592
2021-08-13,0.1002,1.0040971142,0.1388,0.1295,0.1578
2021-08-16,0.0983,1.0041052267,0.1404,0.1272,0.1544
2021-08-17,0.0877,1.0041076394,0.1407,0.1262,0.1541
2021-08-18,0.1209,1.0041109653,0.142,0.1256,0.1542
2021-08-19,0.0921,1.0041134989,0.1423,0.1255,0.1541
2021-08-20,0.1033,1.0041163407,0.1427,0.1259,0.1531
2021-08-23,0.1166,1.0041259637,0.1398,0.1275,0.1505
2021-08-24,0.1066,1.0041288963,0.1401,0.1279,0.1501
2021-08-25,0.1166,1.004132104,0.1407,0.1281,0.1498
2021-08-26,0.1106,1.0041351467,0.1411,0.1284,0.149
2021-08-27,0.1143,1.0041382912,0.1422,0.1287,0.1482
2021-08-30,0.2281,1.0041571167,0.1521,0.1296,0.1489
2021-08-31,0.2077,1.0041628308,0.1499,0.1292,0.1492
2021-09-01,0.2215,1.0041689245,0.1482,0.13,0.149
2021-09-02,0.1921,1.0041742095,0.1455,0.1301,0.1493
2021-09-03,0.166,1.0041787764,0.1436,0.1302,0.1499
2021-09-06,0.152,1.0041913218,0.1491,0.1324,0.1508
2021-09-07,0.1091,1.0041943233,0.1452,0.1327,0.1505
2021-09-08,0.1838,1.0041993801,0.1436,0.1339,0.1506
2021-09-09,0.1491,1.0042034821,0.1409,0.1342,0.1505
2021-09-10,0.1052,1.0042063765,0.1369,0.1346,0.15
2021-09-13,0.0927,1.0042140277,0.1371,0.1346,0.1469
2021-09-14,0.1059,1.0042169413,0.1373,0.1346,0.1454
2021-09-15,0.0691,1.0042188424,0.1364,0.1342,0.1436
2021-09-16,0.1184,1.0042220999,0.137,0.1344,0.1424
2021-09-17,0.1217,1.0042254483,0.1381,0.1346,0.1418
2021-09-20,0.1375,1.0042367974,0.1412,0.1319,0.1404
2021-09-21,0.1694,1.0042414581,0.1429,0.1311,0.1403
2021-09-22,0.142,1.004245365,0.1438,0.1308,0.14
2021-09-23,0.1811,1.0042503478,0.1459,0.1312,0.1403
2021-09-24,0.116,1.0042535393,0.1462,0.1309,0.1397
2021-09-27,0.1219,1.0042636011,0.1469,0.1304,0.1368
2021-09-28,0.1136,1.0042667267,0.1432,0.1305,0.1352
2021-09-29,0.0939,1.0042693103,0.1389,0.1304,0.1336
2021-09-30,0.077,1.0042714289,0.134,0.1306,0.1328
2021-10-01,0.0665,1.0042732586,0.1264,0.1306,0.1316
2021-10-04,0.0802,1.0042798786,0.1174,0.1302,0.1314
2021-10-05,0.0514,1.0042812928,0.1141,0.1295,0.1312
2021-10-06,0.0731,1.0042833041,0.1114,0.1291,0.1309
2021-10-07,0.0611,1.0042849853,0.1098,0.1287,0.1307
2021-10-08,0.1302,1.0042885677,0.1081,0.1291,0.1311
2021-10-11,0.2065,1.0043056131,0.1171,0.1315,0.1336
2021-10-12,0.2027,1.0043111904,0.1208,0.1321,0.1343
2021-10-13,0.1676,1.004315802,0.1233,0.1332,0.135
2021-10-14,0.1782,1.0043207052,0.1257,0.1344,0.1356
2021-10-15,0.2286,1.0043269953,0.131,0.1359,0.1364
2021-10-18,0.3204,1.0043534435,0.1505,0.1437,0.1396
2021-10-19,0.2243,1.0043596155,0.1534,0.1452,0.14
2021-10-20,0.3152,1.0043682887,0.1593,0.1476,0.1414
2021-10-21,0.26,1.0043754431,0.1623,0.1495,0.142
2021-10-22,0.1892,1.0043806494,0.1639,0.1498,0.1425
2021-10-25,0.2247,1.0043991988,0.1724,0.153,0.143
2021-10-26,0.2614,1.0044063919,0.1771,0.1547,0.1434
2021-10-27,0.1743,1.0044111883,0.1788,0.1557,0.1439
2021-10-28,0.0989,1.0044139099,0.1783,0.1555,0.1434
2021-10-29,0.1414,1.0044178009,0.1799,0.1557,0.1432
2021-11-01,0.2229,1.0044362024,0.191,0.1555,0.1437
2021-11-02,0.1859,1.0044413182,0.1944,0.1546,0.1434
2021-11-03,0.1453,1.0044453167,0.1965,0.1537,0.1428
2021-11-05,0.1097,1.0044513543,0.1994,0.1539,0.1421
2021-11-08,0.0764,1.0044576617,0.1982,0.1504,0.1407
2021-11-09,0.0895,1.0044601247,0.1945,0.1489,0.14
2021-11-10,0.1139,1.0044632592,0.1915,0.1476,0.1395
2021-11-11,0.1607,1.0044676816,0.19,0.1486,0.1394
2021-11-12,0.1597,1.0044720765,0.1886,0.1492,0.1397
2021-11-15,0.192,1.0044879279,0.1887,0.1523,0.1402
2021-11-16,0.1681,1.004492554,0.1838,0.153,0.1401
2021-11-17,0.2179,1.0044985507,0.1804,0.1545,0.1403
2021-11-18,0.246,1.0045053207,0.178,0.1558,0.1408
2021-11-19,0.1922,1.0045106102,0.177,0.1569,0.1412
2021-11-22,0.2522,1.0045314325,0.1768,0.1615,0.1442
2021-11-23,0.0987,1.0045341488,0.1727,0.1613,0.1444
2021-11-24,0.1422,1.0045380624,0.17,0.1617,0.1448
2021-11-25,0.1622,1.0045425264,0.168,0.1622,0.1451
2021-11-26,0.1391,1.0045463547,0.1641,0.1625,0.1454
2021-11-29,0.1391,1.0045578395,0.1642,0.1608,0.1453
2021-11-30,0.1185,1.0045611009,0.1608,0.1596,0.1446
2021-12-01,0.1128,1.0045642054,0.155,0.1579,0.1439
2021-12-02,0.1276,1.0045677173,0.1531,0.1572,0.1436
2021-12-03,0.101,1.004570497,0.1516,0.1565,0.1433
2021-12-06,0.1943,1.0045865399,0.1612,0.1579,0.1451
2021-12-07,0.3106,1.0045950885,0.169,0.1601,0.1463
2021-12-08,0.3318,1.0046042207,0.1775,0.1617,0.1477
2021-12-09,0.2237,1.0046103777,0.182,0.1625,0.1483
2021-12-10,0.1312,1.0046139888,0.1826,0.1628,0.1487
2021-12-13,0.1584,1.004627068,0.1813,0.165,0.1497
2021-12-14,0.2878,1.0046349894,0.1845,0.167,0.1507
2021-12-15,0.332,1.0046441275,0.1892,0.1699,0.152
2021-12-16,0.2033,1.0046497232,0.1904,0.1708,0.1526
2021-12-17,0.1865,1.0046548565,0.1893,0.1715,0.153
2021-12-20,0.2447,1.0046750625,0.1908,0.175,0.1534
2021-12-21,0.192,1.0046803474,0.1888,0.1753,0.1531
2021-12-22,0.1391,1.0046841762,0.185,0.1753,0.153
2021-12-23,0.1056,1.0046870829,0.1852,0.1744,0.1527
2021-12-24,0.1582,1.0046914374,0.1858,0.1749,0.1528
2021-12-27,0.3037,1.0047165162,0.2015,0.1809,0.1555
2021-12-28,0.2116,1.0047223408,0.2039,0.182,0.1561
2021-12-29,0.2229,1.0047284765,0.2067,0.1834,0.1568
2021-12-30,0.2785,1.0047361427,0.212,0.1856,0.158
2021-12-31,0.2885,1.0047440842,0.2145,0.1867,0.1587
2022-01-03,0.3065,1.0047693955,0.2331,0.1943,0.1624
2022-01-04,0.1416,1.0047732935,0.2314,0.1949,0.1626
2022-01-05,0.1467,1.0047773318,0.2299,0.196,0.1628
2022-01-06,0.1767,1.0047821961,0.2293,0.1971,0.1631
2022-01-07,0.1191,1.0047854747,0.2231,0.1977,0.1632
2022-01-10,0.1461,1.0047975404,0.2151,0.1966,0.1637
2022-01-11,0.1034,1.0048003868,0.2134,0.1955,0.1635
2022-01-12,0.1839,1.0048054494,0.2142,0.1953,0.1637
2022-01-13,0.1942,1.0048107955,0.2153,0.1955,0.1644
2022-01-14,0.2201,1.0048168546,0.2131,0.196,0.1652
2022-01-17,0.2078,1.0048340163,0.21,0.1933,0.1672
2022-01-18,0.1239,1.0048374273,0.2061,0.1912,0.1675
2022-01-19,0.1417,1.0048413282,0.2027,0.1903,0.1678
2022-01-20,0.1217,1.0048446786,0.1988,0.1882,0.1679
2022-01-21,0.3139,1.0048533203,0.2027,0.1888,0.1692
2022-01-24,0.252,1.0048741332,0.2141,0.19,0.1708
2022-01-25,0.1559,1.0048784252,0.2093,0.1893,0.1712
2022-01-26,0.2025,1.0048840002,0.2061,0.1887,0.1717
2022-01-27,0.4588,1.0048966315,0.2111,0.1917,0.1738
2022-01-28,0.3056,1.0049050451,0.2141,0.194,0.1748
2022-01-31,0.3513,1.0049340607,0.2226,0.1991,0.1776
2022-02-03,0.4113,1.0049680329,0.2328,0.2065,0.1801
2022-02-04,0.3069,1.0049764829,0.2381,0.2086,0.1812
2022-02-07,0.255,1.0049975461,0.2485,0.2141,0.1831
2022-02-08,0.2679,1.0050049226,0.2524,0.2162,0.1833
2022-02-09,0.232,1.0050113105,0.2552,0.2177,0.1833
2022-02-10,0.1587,1.0050156803,0.2556,0.2182,0.1829
2022-02-11,0.1079,1.0050186513,0.2558,0.2176,0.1832
2022-02-14,0.1998,1.0050351556,0.2558,0.2182,0.1848
2022-02-15,0.1255,1.0050386113,0.2531,0.2175,0.1849
2022-02-16,0.1753,1.0050434382,0.2521,0.2176,0.1854
2022-02-17,0.3018,1.0050517484,0.2551,0.2185,0.1865
2022-02-18,0.2827,1.0050595327,0.2603,0.2189,0.1874
2022-02-21,0.5133,1.0051019352,0.2913,0.2281,0.1941
2022-02-22,0.2383,1.0051084973,0.2909,0.2279,0.1947
2022-02-23,0.3306,1.0051176011,0.2934,0.2304,0.1959
2022-02-24,0.2791,1.0051252868,0.2943,0.2319,0.1968
2022-02-25,0.3585,1.0051351591,0.3008,0.2341,0.1982
2022-02-28,0.4876,1.0051754416,0.3168,0.2454,0.2037
2022-03-01,0.3278,1.0051844689,0.3101,0.2504,0.2039
2022-03-02,0.1873,1.005189627,0.3021,0.2511,0.2039
2022-03-03,0.0958,1.0051922653,0.2909,0.251,0.2035
2022-03-04,0.0746,1.0051943197,0.2826,0.2497,0.2031
2022-03-07,0.0503,1.0051984754,0.2606,0.2436,0.2016
2022-03-08,0.0353,1.0051994476,0.2523,0.2403,0.2008
2022-03-09,0.0671,1.0052012955,0.2464,0.2386,0.2004
2022-03-10,0.0552,1.0052028157,0.2427,0.2377,0.2001
2022-03-11,0.1287,1.0052063601,0.2435,0.2374,0.2003
2022-03-14,0.1339,1.0052174229,0.2364,0.2351,0.2009
2022-03-15,0.1697,1.0052220964,0.238,0.2333,0.2015
2022-03-16,0.2256,1.0052283095,0.2398,0.2336,0.2021
2022-03-17,0.308,1.005236792,0.24,0.2349,0.2031
2022-03-18,0.2828,1.0052445805,0.24,0.2353,0.2039
2022-03-21,0.2674,1.0052666739,0.2137,0.2367,0.2059
2022-03-22,0.4299,1.005278514,0.2205,0.2399,0.2075
2022-03-23,0.5122,1.0052926209,0.227,0.2444,0.2093
2022-03-24,0.6932,1.0053117132,0.2418,0.2504,0.2125
2022-03-25,0.5659,1.0053272997,0.2492,0.2533,0.2149
2022-03-28,0.6959,1.0053848017,0.2715,0.2674,0.2245
2022-03-29,0.5117,1.0053988963,0.2798,0.2706,0.2268
2022-03-30,0.2905,1.0054068982,0.2802,0.2707,0.228
2022-03-31,0.4571,1.0054194892,0.2859,0.2726,0.2293
2022-04-01,0.6085,1.0054362508,0.2949,0.276,0.2322
2022-04-04,0.4185,1.005470835,0.3239,0.2815,0.2378
2022-04-05,0.4275,1.0054826114,0.3361,0.2847,0.2399
2022-04-06,0.3975,1.0054935616,0.3473,0.2871,0.2417
2022-04-07,0.21,1.0054993466,0.3524,0.2881,0.2425
2022-04-08,0.2788,1.005507027,0.3603,0.2896,0.2433
2022-04-11,0.3149,1.0055330517,0.3827,0.2957,0.2451
2022-04-12,0.2087,1.0055388011,0.3851,0.296,0.2451
2022-04-13,0.202,1.005544366,0.3873,0.2961,0.2453
2022-04-14,0.371,1.0055545868,0.3949,0.2978,0.2464
2022-04-18,0.3222,1.0055900925,0.4047,0.3038,0.2469
2022-04-19,0.1256,1.0055935528,0.4001,0.3036,0.2464
2022-04-20,0.0697,1.0055954731,0.3937,0.303,0.245
2022-04-21,0.1775,1.0056003633,0.3908,0.3015,0.2446
2022-04-22,0.1685,1.0056050056,0.3824,0.3006,0.2445
2022-04-25,0.3626,1.0056349754,0.3603,0.3053,0.2467
2022-04-26,0.3009,1.0056432657,0.3476,0.3064,0.247
2022-04-27,0.4155,1.0056547135,0.3386,0.3059,0.2483
2022-04-28,0.3473,1.0056642823,0.3273,0.3064,0.2497
2022-04-29,0.3586,1.0056741627,0.3224,0.3065,0.2509
2022-05-04,0.6764,1.0057673459,0.3588,0.3227,0.2648
2022-05-05,0.4734,1.0057803906,0.3603,0.3252,0.2668
2022-05-06,0.8411,1.0058035676,0.3751,0.3318,0.2711
2022-05-09,1.0536,1.0058906675,0.4537,0.3588,0.2872
2022-05-10,0.8536,1.0059141915,0.4717,0.3667,0.2913
2022-05-11,0.7515,1.0059349023,0.4862,0.3739,0.2946
2022-05-12,0.8674,1.0059588078,0.5082,0.3814,0.2985
2022-05-13,0.8913,1.0059833725,0.5312,0.3892,0.3023
2022-05-17,1.3711,1.006134529,0.6695,0.4418,0.3284
2022-05-18,0.9053,1.0061594839,0.6889,0.4488,0.3321
2022-05-19,1.0299,1.0061878742,0.7191,0.4546,0.3367
2022-05-20,0.8836,1.0062122322,0.7462,0.4588,0.3402
2022-05-23,1.1684,1.0063088616,0.8395,0.4861,0.3563
2022-05-24,1.0128,1.0063367846,0.8612,0.4943,0.3611
2022-05-25,0.9456,1.0063628557,0.8806,0.5009,0.3654
2022-05-26,0.833,1.0063858228,0.8984,0.5048,0.3693
2022-05-27,0.7681,1.006407001,0.9101,0.508,0.3727
2022-05-30,0.8901,1.0064806286,0.9531,0.5208,0.3853
2022-05-31,0.6365,1.00649818,0.9429,0.5221,0.3867
2022-06-01,0.7187,1.0065179984,0.9443,0.5263,0.3901
2022-06-02,0.3254,1.0065269715,0.9329,0.5278,0.3911
2022-06-03,0.53,1.0065415869,0.9282,0.5326,0.3935
2022-06-06,0.5567,1.0065876424,0.9179,0.5488,0.3995
2022-06-07,0.438,1.0065997214,0.898,0.5531,0.4002
2022-06-08,0.4952,1.0066133781,0.88,0.5581,0.4011
2022-06-09,0.5242,1.0066278347,0.8629,0.563,0.4027
2022-06-10,0.5809,1.0066438552,0.8541,0.5688,0.4052
2022-06-13,0.795,1.0067096318,0.85,0.5904,0.4157
2022-06-14,0.5746,1.0067254799,0.8243,0.5952,0.4173
2022-06-15,0.4416,1.0067376599,0.7943,0.5982,0.4179
2022-06-16,0.3983,1.0067486458,0.7629,0.6,0.419
2022-06-17,0.7937,1.0067705377,0.7443,0.6053,0.4223
2022-06-20,1.2041,1.0068701749,0.7699,0.6357,0.4382
2022-06-21,0.9917,1.0068975314,0.7642,0.6436,0.4426
2022-06-22,1.4164,1.0069366046,0.7722,0.6544,0.4496
2022-06-23,1.5641,1.0069797539,0.785,0.6658,0.4576
2022-06-24,1.6942,1.0070264943,0.807,0.6767,0.4661
2022-06-27,1.8636,1.0071807432,0.9052,0.7163,0.4919
2022-06-28,1.8345,1.0072313643,0.9357,0.7287,0.5008
2022-06-29,1.8628,1.007282769,0.9671,0.7434,0.5099
2022-06-30,1.5571,1.00732574,0.9886,0.7572,0.5169
2022-07-01,1.6562,1.0073714477,1.0316,0.772,0.5256
2022-07-04,1.5362,1.0074986415,1.1383,0.8089,0.547
2022-07-05,1.7837,1.0075478764,1.1792,0.8239,0.556
2022-07-06,1.8123,1.0075979033,1.2211,0.8394,0.5651
2022-07-07,1.6429,1.0076432562,1.2613,0.8552,0.5735
2022-07-08,1.7389,1.0076912614,1.3028,0.8713,0.5824
2022-07-12,1.9193,1.0079032134,1.469,0.9431,0.6217
2022-07-13,1.8141,1.0079533076,1.5031,0.9609,0.6307
2022-07-14,1.9374,1.0080068092,1.5485,0.9782,0.6402
2022-07-15,1.8585,1.0080581347,1.5958,0.9951,0.6493
2022-07-18,1.9391,1.0082187971,1.71,1.0485,0.6786
2022-07-19,1.8921,1.0082710615,1.733,1.068,0.6883
2022-07-20,1.8618,1.0083224916,1.7549,1.0877,0.6979
2022-07-21,1.7924,1.0083720071,1.7817,1.1055,0.7061
2022-07-22,1.7682,1.0084208565,1.7934,1.1231,0.7145
2022-07-25,1.7276,1.0085640468,1.7954,1.1683,0.7396
2022-07-26,1.7221,1.0086116316,1.7907,1.1839,0.7481
2022-07-27,1.6908,1.0086583538,1.7849,1.198,0.7549
2022-07-28,1.5258,1.0087005185,1.7746,1.211,0.7616
2022-07-29,2.0407,1.0087569146,1.7806,1.2295,0.771
2022-08-01,2.1354,1.0089339638,1.8263,1.2712,0.8004
2022-08-02,1.7515,1.0089823788,1.8332,1.283,0.8078
2022-08-03,1.6888,1.0090290629,1.8382,1.294,0.8149
2022-08-04,1.372,1.0090669914,1.8329,1.3016,0.8208
2022-08-05,1.3522,1.0091043739,1.8189,1.3112,0.8269
2022-08-08,1.8269,1.0092558971,1.8282,1.3388,0.853
2022-08-10,1.7915,1.0093549701,1.8199,1.3571,0.8707
2022-08-11,1.4935,1.0093962707,1.8062,1.3652,0.8784
2022-08-12,1.7252,1.0094439805,1.7999,1.3745,0.8868
2022-08-15,1.7601,1.0095900125,1.7892,1.3925,0.9132
2022-08-16,1.925,1.009643258,1.7888,1.3985,0.9229
2022-08-17,1.9116,1.0096961357,1.7879,1.4044,0.9319
2022-08-18,1.9236,1.009749348,1.7874,1.4155,0.941
2022-08-19,1.9402,1.0098030224,1.789,1.4255,0.9489
2022-08-22,2.24,1.0099889369,1.8309,1.4636,0.9792
2022-08-23,2.2324,1.0100507094,1.8472,1.4752,0.9897
2022-08-24,2.0993,1.0101088026,1.8592,1.4871,0.9998
2022-08-25,2.0684,1.0101660439,1.8702,1.4993,1.0093
2022-08-26,1.8673,1.0102177229,1.8749,1.5106,1.017
2022-08-29,2.0088,1.0103845168,1.8997,1.5486,1.0393
2022-08-30,2.0025,1.0104399495,1.8954,1.5607,1.0446
2022-08-31,2.3441,1.0105048419,1.9022,1.5793,1.0517
2022-09-01,2.3098,1.0105687889,1.9078,1.5967,1.0626
2022-09-02,2.1288,1.0106277286,1.92,1.6164,1.0732
2022-09-05,2.0446,1.0107975639,1.9756,1.6654,1.1055
2022-09-06,2.1529,1.0108571843,1.9861,1.6828,1.117
2022-09-07,2.1205,1.0109159109,1.9956,1.7012,1.1283
2022-09-08,2.1104,1.0109743613,2.0048,1.7188,1.1396
2022-09-09,2.1779,1.0110346846,2.0173,1.7369,1.1512
2022-09-12,2.3502,1.0112299833,2.0832,1.7901,1.188
2022-09-13,2.3312,1.011294569,2.1017,1.8069,1.2
2022-09-14,2.1991,1.0113554988,2.1158,1.8246,1.2113
2022-09-15,1.8883,1.0114078205,2.12,1.8404,1.2207
2022-09-16,1.7246,1.0114556088,2.1135,1.8549,1.2289
2022-09-19,1.8667,1.0116107938,2.1078,1.8811,1.2548
2022-09-20,1.7493,1.0116592763,2.092,1.8871,1.2629
2022-09-21,1.6736,1.011705663,2.0737,1.8945,1.2706
2022-09-22,1.6232,1.0117506548,2.0538,1.8968,1.2771
2022-09-23,1.9389,1.0118043995,2.0443,1.9009,1.2849
2022-09-26,2.4129,1.0120050611,2.0832,1.9207,1.3138
2022-09-27,2.5312,1.0120752416,2.1,1.928,1.3239
2022-09-28,2.7578,1.0121517101,2.1242,1.9381,1.3352
2022-09-29,2.7431,1.0122277768,2.148,1.9477,1.3474
2022-09-30,3.8935,1.0123357524,2.2091,1.9732,1.3671
2022-10-03,4.3916,1.0127011584,2.4279,2.0655,1.4366
2022-10-04,3.3298,1.0127935445,2.4708,2.0851,1.4526
2022-10-05,3.4719,1.012889882,2.5185,2.1035,1.4694
2022-10-06,3.0171,1.0129736078,2.5473,2.1167,1.4838
2022-10-07,3.051,1.0130582812,2.5784,2.1321,1.4994
2022-10-10,3.3825,1.0133399253,2.6956,2.182,1.5503
2022-10-11,2.9205,1.0134210064,2.7146,2.1929,1.5646
2022-10-12,3.3732,1.0135146632,2.7488,2.2088,1.5821
2022-10-13,2.8295,1.0135932314,2.7655,2.2199,1.5965
2022-10-14,3.3484,1.0136862154,2.8039,2.2353,1.6129
2022-10-17,3.1934,1.0139522788,2.9408,2.2773,1.6604
2022-10-18,3.0285,1.0140364091,2.9797,2.2893,1.6753
2022-10-19,3.131,1.014123394,3.0219,2.3028,1.6918
2022-10-20,2.6315,1.0141965081,3.0514,2.3112,1.706
2022-10-21,3.1709,1.0142846154,3.1014,2.3263,1.7225
2022-10-25,3.1748,1.0146375086,3.2454,2.3891,1.7855
2022-10-26,2.8631,1.0147170979,3.2605,2.4016,1.7997
2022-10-27,2.9027,1.0147977943,3.2729,2.4148,1.8134
2022-10-28,2.8342,1.0148765927,3.2755,2.4292,1.8271
2022-10-31,2.8441,1.0151138319,3.2311,2.4534,1.8583
2022-11-01,2.8521,1.0151931526,3.1813,2.4613,1.8702
2022-11-02,2.5984,1.0152654232,3.1233,2.4705,1.8807
2022-11-03,2.6474,1.015339062,3.067,2.481,1.8916
2022-11-04,2.6021,1.0154114459,3.0434,2.4945,1.9021
2022-11-07,3.0022,1.0156620049,3.0262,2.5382,1.9385
2022-11-08,2.8969,1.0157426151,3.0105,2.5499,1.9487
2022-11-09,2.9901,1.0158258253,2.9978,2.563,1.9593
2022-11-10,2.9104,1.0159068242,2.9825,2.5753,1.9706
2022-11-11,3.267,1.0159977548,2.9937,2.5947,1.9844
2022-11-14,3.3943,1.0162812015,3.0141,2.6487,2.0231
2022-11-15,3.0921,1.0163672958,3.0109,2.6633,2.0325
2022-11-16,2.952,1.0164494963,3.0031,2.6745,2.0412
2022-11-17,2.9029,1.016530336,2.9937,2.6854,2.0496
2022-11-18,3.2026,1.0166195289,2.9993,2.6994,2.0623
2022-11-21,3.5309,1.016914563,3.0529,2.745,2.1035
2022-11-22,3.7997,1.0170204252,3.0731,2.7621,2.1179
2022-11-23,3.6666,1.0171225898,3.0891,2.7778,2.1317
2022-11-24,3.5174,1.017220607,3.1002,2.7933,2.1454
2022-11-25,3.5447,1.0173193944,3.1122,2.8095,2.1597
2022-11-28,3.6561,1.0176251003,3.1887,2.8651,2.2063
2022-11-29,3.5562,1.0177242477,3.2117,2.882,2.2209
2022-11-30,3.7033,1.0178275062,3.2395,2.9007,2.2364
2022-12-01,3.9119,1.0179365922,3.2879,2.9243,2.2627
2022-12-02,3.9219,1.0180459688,3.3321,2.9442,2.2826
2022-12-05,4.0119,1.0183816646,3.4586,3.0095,2.34
2022-12-06,3.5244,1.0184799984,3.476,3.0247,2.3564
2022-12-07,3.4458,1.0185761485,3.4909,3.0393,2.3731
2022-12-08,3.5036,1.0186739207,3.5111,3.0548,2.3897
2022-12-09,3.2336,1.0187641668,3.5193,3.0664,2.4047
2022-12-12,3.1336,1.0190265558,3.5135,3.0925,2.4447
2022-12-13,2.5836,1.0190986861,3.4865,3.0953,2.4546
2022-12-14,2.0537,1.0191560265,3.4417,3.0937,2.4628
2022-12-15,1.6457,1.0192019779,3.3933,3.091,2.4694
2022-12-16,2.36,1.0192678769,3.3735,3.098,2.4803
2022-12-19,2.3425,1.0194641209,3.2863,3.1138,2.5014
2022-12-20,1.7577,1.0195132144,3.2271,3.1139,2.5045
2022-12-21,1.7632,1.0195624639,3.168,3.1149,2.5088
2022-12-22,1.5529,1.0196058414,3.0929,3.1141,2.5095
2022-12-23,1.6509,1.0196519583,3.0256,3.1109,2.51
2022-12-27,3.1332,1.0200020704,2.964,3.1415,2.539
2022-12-28,1.8706,1.0200543448,2.9044,3.1317,2.5392
2022-12-29,1.8126,1.020105001,2.8461,3.1214,2.5389
2022-12-30,1.6525,1.0201511852,2.7776,3.0966,2.5395
2023-01-03,2.5293,1.0204339544,2.6321,3.0294,2.5553
2023-01-04,2.1567,1.0204942494,2.5722,3.0166,2.5587
2023-01-05,2.4019,1.0205614035,2.5201,3.0049,2.5621
2023-01-06,2.6482,1.0206354488,2.4918,3.0008,2.5668
2023-01-09,3.1851,1.0209026399,2.4715,2.998,2.5902
2023-01-10,3.7433,1.0210073398,2.4912,3.0019,2.6002
2023-01-11,3.4177,1.0211029425,2.5004,3.0074,2.6085
2023-01-12,3.2209,1.0211930485,2.5032,3.0057,2.6156
2023-01-13,3.3641,1.0212871689,2.5285,3.0115,2.6242
2023-01-16,3.8002,1.0216061631,2.7011,3.0298,2.6554
2023-01-17,3.4653,1.0217031541,2.7374,3.0328,2.6638
2023-01-18,3.557,1.0218027212,2.7767,3.0385,2.6727
2023-01-19,3.6487,1.021904865,2.8189,3.0442,2.6823
2023-01-20,3.6037,1.0220057592,2.8786,3.0549,2.6919
2023-01-25,3.5817,1.0225072001,3.0944,3.0772,2.7424
2023-01-26,3.6014,1.0226080893,3.1095,3.0853,2.7528
2023-01-27,3.5637,1.0227079323,3.1235,3.0925,2.7631
2023-01-30,3.6736,1.0230167284,3.3073,3.1199,2.7924
2023-01-31,3.8375,1.0231242853,3.3496,3.1307,2.8018
2023-02-01,3.8693,1.0232327449,3.393,3.1419,2.8113
2023-02-02,3.5675,1.0233327554,3.4266,3.1525,2.8213
2023-02-03,3.5598,1.0234325598,3.4599,3.1625,2.8316
2023-02-06,3.6127,1.023736452,3.5774,3.1869,2.8663
2023-02-07,3.4294,1.0238326383,3.5853,3.1916,2.8751
2023-02-08,3.118,1.0239200989,3.5831,3.194,2.8823
2023-02-09,3.1004,1.0240070732,3.5804,3.1953,2.8895
2023-02-10,3.2456,1.0240981284,3.5643,3.1989,2.8975
2023-02-13,3.6578,1.0244060144,3.5956,3.209,2.9305
2023-02-14,3.3393,1.0244997349,3.5807,3.2084,2.9392
2023-02-15,3.2662,1.0245914122,3.5635,3.2103,2.9476
2023-02-16,3.3614,1.0246857701,3.5493,3.2148,2.9555
2023-02-17,3.5088,1.0247842747,3.5507,3.2214,2.9643
2023-02-20,3.7467,1.0250998549,3.5646,3.2321,2.9926
2023-02-21,3.4676,1.0251972422,3.5609,3.2314,2.9994
2023-02-22,3.4653,1.0252945741,3.5572,3.2277,3.0061
2023-02-23,3.4287,1.0253908872,3.5522,3.2251,3.0127
2023-02-24,3.6511,1.0254934572,3.5545,3.2266,3.0213
2023-02-27,3.8658,1.0258192944,3.582,3.2347,3.0525
2023-02-28,3.6984,1.0259232366,3.5828,3.2352,3.0618
2023-03-01,3.4497,1.026020199,3.5511,3.2206,3.0833
2023-03-02,3.5485,1.0261199478,3.5505,3.2164,3.0913
2023-03-03,3.5808,1.0262206144,3.5512,3.2116,3.0999
2023-03-06,3.6079,1.0265249296,3.5507,3.2035,3.1256
2023-03-07,3.63,1.0266270196,3.5579,3.2055,3.1341
2023-03-08,3.4847,1.0267250329,3.571,3.2053,3.1418
2023-03-09,3.5667,1.0268253623,3.5877,3.209,3.1496
2023-03-10,3.5983,1.0269265904,3.6003,3.2143,3.1566
2023-03-13,3.761,1.0272440373,3.6114,3.2415,3.1804
2023-03-14,3.7279,1.0273489541,3.6253,3.2602,3.189
2023-03-15,3.4985,1.0274474248,3.6337,3.281,3.198
2023-03-16,3.3535,1.0275418233,3.6334,3.2921,3.2072
2023-03-17,3.7938,1.0276486257,3.6436,3.3084,3.218
2023-03-20,3.8871,1.0279769468,3.6587,3.3668,3.2527
2023-03-21,3.8396,1.0280850843,3.672,3.3901,3.2648
2023-03-22,3.8887,1.0281946162,3.6871,3.4162,3.2775
2023-03-23,3.7178,1.0282993456,3.6975,3.4394,3.2875
2023-03-24,4.0825,1.0284143601,3.7129,3.45,3.2969
2023-03-27,3.6203,1.028720374,3.6866,3.4664,3.3166
2023-03-28,3.5509,1.028820453,3.6813,3.4852,3.321
2023-03-29,3.5253,1.0289198201,3.6763,3.5044,3.3254
2023-03-30,3.8972,1.0290296806,3.684,3.5296,3.3254
2023-03-31,3.6343,1.0291321409,3.6828,3.542,3.3275
2023-04-03,3.5843,1.0294353232,3.6883,3.5775,3.3139
2023-04-04,3.3422,1.0295295857,3.6798,3.5907,3.314
2023-04-05,3.6018,1.0296311791,3.6796,3.6042,3.3147
2023-04-06,3.4762,1.0297292395,3.6753,3.6135,3.3173
2023-04-10,3.3721,1.030109771,3.6497,3.6156,3.3189
2023-04-11,3.1595,1.030198939,3.6302,3.6127,3.3202
2023-04-12,3.1852,1.0302888401,3.6116,3.6123,3.3192
2023-04-13,3.2138,1.0303795563,3.5939,3.6106,3.3213
2023-04-14,3.2688,1.0304718331,3.5791,3.6047,3.3209
2023-04-17,3.3365,1.0307544224,3.5584,3.5928,3.3233
2023-04-18,3.2875,1.0308472609,3.539,3.5898,3.3247
2023-04-19,3.2315,1.0309385262,3.5178,3.5851,3.3253
2023-04-20,3.2868,1.0310313615,3.4985,3.5816,3.329
2023-04-21,3.4576,1.0311290298,3.4861,3.5802,3.3306
2023-04-24,4.0783,1.0314746671,3.5037,3.5969,3.3457
2023-04-25,3.9785,1.0315870978,3.5153,3.6013,3.3502
2023-04-26,3.748,1.0316930263,3.5194,3.603,3.3551
2023-04-27,3.6124,1.0317951328,3.5192,3.6035,3.3591
2023-04-28,3.7753,1.0319018543,3.5265,3.6047,3.3644
2023-05-02,3.785,1.0323298816,3.5408,3.6057,3.3894
2023-05-03,3.7201,1.0324350972,3.5454,3.6075,3.3955
2023-05-04,3.6183,1.032537444,3.5546,3.6076,3.4012
2023-05-05,3.2686,1.0326299085,3.5435,3.6037,3.4027
2023-05-08,3.4138,1.0329196503,3.5441,3.6046,3.4102
2023-05-09,3.4538,1.0330173899,3.5469,3.6086,3.4128
2023-05-10,3.6652,1.0331211219,3.5567,3.6134,3.417
2023-05-11,3.4858,1.0332197864,3.5676,3.6114,3.4183
2023-05-12,3.621,1.0333222874,3.5822,3.611,3.4195
2023-05-15,3.3432,1.0336062274,3.5892,3.6084,3.4204
2023-05-16,3.4448,1.0337037772,3.5928,3.6093,3.4231
2023-05-17,3.5198,1.0338034602,3.599,3.6094,3.4266
2023-05-18,3.6927,1.03390805,3.6125,3.6088,3.4294
2023-05-19,3.6472,1.0340113614,3.6264,3.6077,3.43
2023-05-22,3.61,1.0343181654,3.6266,3.6094,3.4298
2023-05-23,3.866,1.0344277181,3.6195,3.6143,3.431
2023-05-24,3.7272,1.0345333487,3.6078,3.6152,3.4321
2023-05-25,3.697,1.0346381342,3.5984,3.6133,3.433
2023-05-26,3.7343,1.0347439876,3.598,3.6118,3.4334
2023-05-29,3.7343,1.0350615803,3.5989,3.6125,3.4353
2023-05-30,3.9963,1.0351749068,3.606,3.6171,3.437
2023-05-31,3.9509,1.0352869581,3.6175,3.6211,3.4402
2023-06-01,3.7241,1.0353925886,3.6156,3.6241,3.4391
2023-06-05,3.7514,1.0358182512,3.6354,3.6313,3.4338
2023-06-06,3.8228,1.0359267369,3.6486,3.6337,3.4354
2023-06-07,3.7959,1.0360344704,3.661,3.6355,3.4374
2023-06-08,3.8445,1.0361435946,3.675,3.6394,3.4393
2023-06-09,3.8997,1.0362542974,3.6894,3.6431,3.443
2023-06-12,4.0228,1.0365969256,3.7313,3.6535,3.4579
2023-06-13,3.6227,1.03669981,3.7403,3.652,3.4637
2023-06-14,3.545,1.0368004977,3.7469,3.65,3.4721
2023-06-15,3.5059,1.0369000845,3.7522,3.6501,3.4825
2023-06-16,3.6299,1.0370032035,3.7581,3.6531,3.4896
2023-06-19,3.5952,1.0373096337,3.7557,3.6445,3.5106
2023-06-20,3.6175,1.037412441,3.756,3.6416,3.521
2023-06-21,3.6691,1.0375167251,3.7579,3.6397,3.5316
2023-06-22,3.5583,1.0376178702,3.7562,3.6361,3.5428
2023-06-23,3.5825,1.0377197131,3.7471,3.6346,3.5536
2023-06-26,3.7939,1.0380433026,3.7542,3.6352,3.5647
2023-06-27,3.7922,1.038151151,3.7561,3.6371,3.5684
2023-06-28,3.7785,1.038258621,3.7576,3.6396,3.5791
2023-06-30,3.7918,1.0384743398,3.7528,3.6414,3.6021
2023-07-03,4.0005,1.0388157987,3.7717,3.6549,3.6326
2023-07-04,3.8041,1.0389240661,3.7735,3.66,3.6419
2023-07-05,3.7885,1.0390319007,3.7747,3.6621,3.6497
2023-07-06,3.7685,1.0391391772,3.7729,3.6653,3.656
2023-07-07,3.654,1.039243205,3.7682,3.6685,3.6586
2023-07-10,3.7005,1.0395592915,3.7459,3.6794,3.6642
2023-07-11,3.61,1.0396621082,3.7321,3.6844,3.6652
2023-07-12,3.6028,1.03976473,3.7181,3.689,3.6674
2023-07-13,3.5373,1.039865496,3.7152,3.6926,3.6684
2023-07-14,3.5322,1.0399661265,3.7148,3.6955,3.6669
2023-07-17,3.5201,1.0402670129,3.7091,3.7016,3.664
2023-07-18,3.5341,1.0403677364,3.707,3.7044,3.6639
2023-07-19,3.4553,1.0404662236,3.7024,3.7069,3.6628
2023-07-20,3.5096,1.040566268,3.6988,3.7093,3.6623
2023-07-21,3.6125,1.0406692556,3.6969,3.7111,3.6624
2023-07-24,3.7337,1.0409886156,3.7058,3.6996,3.665
2023-07-25,3.5374,1.041089503,3.6972,3.6947,3.6648
2023-07-26,3.4533,1.0411880015,3.6858,3.6914,3.6639
2023-07-27,3.3329,1.0412830748,3.6705,3.6883,3.6626
2023-07-28,3.4231,1.0413807301,3.6586,3.6844,3.6612
2023-07-31,3.5264,1.041682565,3.6375,3.6774,3.6578
2023-08-01,3.5504,1.0417838907,3.6229,3.6748,3.656
2023-08-02,3.397,1.041880848,3.6034,3.6706,3.6551
2023-08-03,3.4463,1.0419792215,3.5855,3.6676,3.6544
2023-08-04,3.5065,1.0420793229,3.5759,3.6663,3.6538
2023-08-07,3.7677,1.0424020277,3.5788,3.6796,3.6575
2023-08-08,3.8511,1.0425120112,3.5837,3.6844,3.6616
2023-08-10,3.6903,1.0427228157,3.5831,3.6872,3.6674
2023-08-11,3.5378,1.0428238826,3.5807,3.6878,3.6668
2023-08-14,3.6165,1.0431338585,3.5864,3.6938,3.6678
2023-08-15,3.4924,1.0432336678,3.5855,3.6954,3.6691
2023-08-16,3.5476,1.0433350644,3.5864,3.6965,3.6702
2023-08-17,3.6183,1.0434384918,3.5896,3.6976,3.6708
2023-08-18,3.7727,1.0435463433,3.5973,3.6985,3.6709
2023-08-21,3.9062,1.0438813817,3.6342,3.7078,3.6752
2023-08-22,3.5937,1.0439841597,3.6297,3.7076,3.6759
2023-08-23,3.6354,1.0440881405,3.6265,3.7051,3.6771
2023-08-24,3.6807,1.0441934275,3.6248,3.7046,3.6772
2023-08-25,3.5891,1.0442961046,3.6265,3.7034,3.6757
2023-08-28,3.6314,1.044607797,3.6486,3.7,3.6727
2023-08-29,3.693,1.0447134884,3.654,3.6996,3.6732
2023-08-30,3.815,1.0448226824,3.6634,3.6976,3.6743
2023-08-31,3.7085,1.0449288393,3.6693,3.6949,3.6749
2023-09-04,3.7781,1.0453614799,3.7084,3.6964,3.68
2023-09-05,3.8411,1.0454714891,3.7108,3.6974,3.6813
2023-09-06,3.8061,1.0455805075,3.7121,3.6972,3.6824
2023-09-07,3.7056,1.0456866582,3.7101,3.6962,3.6828
2023-09-08,3.6811,1.0457921179,3.7046,3.6944,3.6839
2023-09-11,3.9914,1.0461352007,3.7387,3.6947,3.6897
2023-09-12,3.8216,1.0462447325,3.7453,3.6925,3.69
2023-09-13,3.7478,1.0463521604,3.7496,3.6939,3.6899
2023-09-14,3.7128,1.0464585959,3.7527,3.6957,3.6899
2023-09-15,3.6978,1.0465646122,3.7594,3.6978,3.691
2023-09-18,3.8093,1.0468922844,3.7752,3.7045,3.6931
2023-09-19,3.7053,1.0469985597,3.7687,3.7057,3.6921
2023-09-20,3.5931,1.0471016274,3.7586,3.7054,3.6905
2023-09-21,3.7076,1.04720799,3.7522,3.7059,3.6898
2023-09-22,3.5683,1.0473103667,3.7513,3.706,3.688
2023-09-25,3.761,1.0476341148,3.7635,3.7072,3.6872
2023-09-26,3.7721,1.0477423827,3.7681,3.707,3.6881
2023-09-27,3.8579,1.0478531248,3.7754,3.7077,3.6894
2023-09-28,3.7232,1.0479600116,3.7784,3.7071,3.6903
2023-09-29,3.6232,1.0480640381,3.7762,3.7052,3.6909
2023-10-02,3.8245,1.0483934891,3.7814,3.7017,3.6931
2023-10-03,3.655,1.0484984721,3.7773,3.698,3.6935
2023-10-04,3.5858,1.0486014777,3.7709,3.6956,3.6948
2023-10-05,3.5954,1.0487047693,3.7627,3.6934,3.6948
2023-10-06,3.6268,1.0488089732,3.7567,3.6919,3.6957
2023-10-09,3.8967,1.0491448823,3.7671,3.6988,3.7044
2023-10-10,3.7546,1.0492528034,3.7592,3.6994,3.7065
2023-10-11,3.6676,1.0493582346,3.7484,3.7001,3.7094
2023-10-12,3.6356,1.0494627564,3.7422,3.7004,3.7119
2023-10-13,3.6617,1.0495680391,3.7393,3.7018,3.7144
2023-10-16,3.7716,1.0498933994,3.7425,3.7099,3.722
2023-10-17,3.7366,1.0500008798,3.74,3.7123,3.7242
2023-10-18,3.7983,1.050110146,3.7397,3.7152,3.7271
2023-10-19,3.7574,1.0502182469,3.7414,3.7185,3.73
2023-10-20,3.7461,1.0503260339,3.7466,3.7211,3.7326
2023-10-23,3.9248,1.0506648546,3.7712,3.7287,3.7335
2023-10-24,3.8445,1.0507755199,3.774,3.73,3.7322
2023-10-25,3.7258,1.0508827796,3.7728,3.732,3.7307
2023-10-26,3.7383,1.0509904101,3.7717,3.7352,3.7307
2023-10-27,3.783,1.0510993388,3.7692,3.7401,3.7316
2023-10-30,3.7298,1.0514215627,3.7698,3.7479,3.7308
2023-10-31,3.8249,1.051531743,3.7719,3.7512,3.7317
2023-11-01,3.6904,1.0516380601,3.7676,3.7527,3.7312
2023-11-02,3.6569,1.0517434227,3.7622,3.7556,3.7305
2023-11-03,3.6776,1.0518493923,3.7629,3.7581,3.7302
2023-11-06,3.771,1.052175408,3.7792,3.7611,3.7358
2023-11-07,3.6121,1.052279533,3.77,3.7594,3.7369
2023-11-08,3.5604,1.0523821778,3.7592,3.7562,3.7377
2023-11-09,3.404,1.0524803233,3.7433,3.7531,3.7375
2023-11-10,3.4926,1.0525810327,3.7348,3.7509,3.7365
2023-11-14,3.6321,1.0530000003,3.728,3.7524,3.7406
2023-11-15,3.6022,1.0531039213,3.7225,3.7536,3.742
2023-11-16,3.6372,1.0532088624,3.7182,3.7546,3.7431
2023-11-17,3.6444,1.0533140217,3.7152,3.7549,3.7437
2023-11-20,3.8431,1.0536467333,3.7225,3.7543,3.747
2023-11-21,3.6665,1.0537525743,3.7142,3.7517,3.7473
2023-11-22,3.7497,1.0538608278,3.7085,3.7534,3.748
2023-11-23,3.6238,1.0539654575,3.6988,3.7532,3.7467
2023-11-24,3.6811,1.054071752,3.6935,3.7532,3.7464
2023-11-27,3.6122,1.0543846987,3.6802,3.7531,3.7446
2023-11-28,3.6549,1.0544902787,3.6778,3.7533,3.7442
2023-11-29,3.4799,1.0545908136,3.6697,3.751,3.7428
2023-11-30,3.5107,1.0546922479,3.6626,3.7477,3.7401
2023-12-01,3.6592,1.0547979829,3.6558,3.7464,3.7382
2023-12-04,3.6823,1.0551172226,3.6538,3.7432,3.737
2023-12-05,3.6984,1.0552241334,3.6514,3.7416,3.7367
2023-12-06,3.729,1.0553319398,3.65,3.7408,3.7362
2023-12-07,3.7354,1.0554399421,3.6541,3.7411,3.7359
2023-12-08,3.9062,1.0555528944,3.6657,3.7436,3.7362
2023-12-11,3.8994,1.0558911977,3.7047,3.7405,3.7348
2023-12-12,3.8467,1.0560024771,3.7119,3.7408,3.7339
2023-12-13,3.9311,1.05611621,3.722,3.7429,3.7356
2023-12-14,4.0103,1.0562322468,3.7346,3.7462,3.7382
2023-12-15,3.7911,1.0563419531,3.7409,3.7472,3.7398
2023-12-18,3.7269,1.0566655324,3.7428,3.7445,3.7418
2023-12-19,3.6867,1.0567722614,3.7376,3.7442,3.7423
2023-12-20,3.57,1.0568756224,3.7285,3.744,3.742
2023-12-21,3.4412,1.056975264,3.7209,3.741,3.7407
2023-12-22,3.3632,1.0570726564,3.708,3.7388,3.7396
2023-12-26,3.4044,1.0574670342,3.6775,3.7228,3.7321
2023-12-27,3.4443,1.0575668215,3.6719,3.7182,3.7302
2023-12-28,3.2489,1.0576609565,3.6583,3.713,3.7273
2023-12-29,3.263,1.0577555085,3.6511,3.709,3.7243
2024-01-02,3.6235,1.0581755389,3.651,3.7018,3.719
2024-01-03,3.6063,1.0582800895,3.6486,3.7012,3.7169
2024-01-04,3.8177,1.0583907798,3.653,3.7038,3.7169
2024-01-05,3.8218,1.0585016006,3.657,3.7063,3.7171
2024-01-08,3.7342,1.0588264764,3.6515,3.7039,3.7175
2024-01-09,3.8194,1.0589372732,3.6489,3.703,3.7182
2024-01-10,3.7684,1.059046602,3.6447,3.7032,3.7186
2024-01-11,3.7393,1.0591550977,3.6396,3.704,3.7193
2024-01-12,3.7931,1.0592651656,3.6378,3.7057,3.7204
2024-01-15,3.7435,1.0595910856,3.6215,3.706,3.7239
2024-01-16,3.5779,1.0596949516,3.6167,3.7039,3.7242
2024-01-17,3.6456,1.0598007934,3.6141,3.7029,3.7249
2024-01-18,3.6089,1.0599055801,3.6103,3.7008,3.7253
2024-01-19,3.5362,1.0600082661,3.6054,3.6984,3.7258
2024-01-22,3.4333,1.0603073888,3.603,3.6841,3.7227
2024-01-23,3.5474,1.060410439,3.6076,3.68,3.7217
2024-01-24,3.5043,1.0605122472,3.6109,3.6763,3.7204
2024-01-25,3.4113,1.0606113629,3.6111,3.6728,3.7197
2024-01-26,3.5469,1.0607144282,3.6158,3.6707,3.7202
2024-01-29,3.5205,1.0610213524,3.6353,3.6632,3.7218
2024-01-30,3.514,1.0611235012,3.6318,3.6609,3.7217
2024-01-31,3.4763,1.0612245638,3.627,3.6571,3.7214
2024-02-01,3.4844,1.0613258714,3.6225,3.6548,3.7211
2024-02-02,3.433,1.0614256942,3.6164,3.6524,3.7213
2024-02-05,3.4949,1.0617305909,3.5918,3.6443,3.7199
2024-02-06,3.5972,1.0618352281,3.5873,3.6424,3.719
2024-02-07,3.6389,1.0619410887,3.5842,3.6427,3.7183
2024-02-08,3.584,1.0620453626,3.5794,3.6429,3.7168
2024-02-09,3.3865,1.0621439001,3.5654,3.6427,3.7151
2024-02-13,3.4874,1.0625498311,3.5299,3.6379,3.7123
2024-02-14,3.3581,1.0626475886,3.5175,3.6349,3.7109
2024-02-15,3.5172,1.0627499871,3.5102,3.634,3.711
2024-02-16,3.6948,1.0628575665,3.514,3.6346,3.7118
2024-02-19,3.7765,1.0631874746,3.5314,3.6346,3.712
2024-02-20,3.8169,1.0632986548,3.5438,3.6343,3.7115
2024-02-21,3.7518,1.0634079503,3.5541,3.6353,3.7106
2024-02-22,3.5929,1.0635126275,3.5593,3.6335,3.7106
2024-02-23,3.7262,1.063621199,3.565,3.6347,3.7111
2024-02-26,3.8327,1.0639562572,3.5985,3.6412,3.7144
2024-02-27,3.7501,1.0640655707,3.6059,3.6427,3.7151
2024-02-28,3.7121,1.0641737876,3.6121,3.6433,3.7156
2024-02-29,3.7844,1.0642841235,3.6207,3.6466,3.7161
2024-03-01,3.7464,1.0643933628,3.6377,3.6488,3.7146
2024-03-04,3.7769,1.0647237825,3.6691,3.6519,3.7146
2024-03-05,3.6105,1.0648291027,3.6731,3.6509,3.7133
2024-03-06,3.6054,1.0649342845,3.6734,3.6496,3.7122
2024-03-07,3.5966,1.0650392199,3.6719,3.648,3.7116
2024-03-08,3.626,1.0651450235,3.6734,3.6449,3.7113
2024-03-11,3.6514,1.0654646896,3.6939,3.6367,3.7056
2024-03-12,3.4967,1.0655667611,3.6942,3.6328,3.7037
2024-03-13,3.4354,1.0656670528,3.6924,3.6273,3.702
2024-03-14,3.3928,1.0657661102,3.6936,3.6204,3.7002
2024-03-15,3.4937,1.065868123,3.6928,3.6171,3.6991
2024-03-18,3.5678,1.0661806823,3.674,3.6118,3.695
2024-03-19,3.7955,1.0662915505,3.6747,3.6131,3.6955
2024-03-20,3.8841,1.0664050185,3.677,3.6165,3.6971
2024-03-21,3.8542,1.066517625,3.6805,3.6211,3.698
2024-03-22,3.9588,1.0666332998,3.6932,3.6277,3.7001
2024-03-25,4.2656,1.0670072585,3.7417,3.6564,3.7086
2024-03-26,4.0357,1.0671252344,3.7488,3.6634,3.7101
2024-03-27,3.953,1.0672408056,3.7558,3.669,3.7106
2024-03-28,3.8954,1.067354705,3.7621,3.6762,3.7116
2024-04-01,3.6851,1.0677857526,3.7526,3.6829,3.7106
2024-04-02,3.7,1.0678939939,3.7501,3.6838,3.7099
2024-04-03,3.6119,1.0679996685,3.7448,3.6838,3.7097
2024-04-04,3.5062,1.0681022609,3.7361,3.6804,3.7092
2024-04-05,3.5261,1.0682054454,3.7333,3.6771,3.7088
2024-04-08,3.4176,1.0685055029,3.7147,3.6666,3.7023
2024-04-09,3.3676,1.0686040864,3.7055,3.6615,3.6994
2024-04-11,3.4145,1.0688040178,3.6902,3.654,3.6961
2024-04-12,3.3997,1.0689035689,3.6871,3.6497,3.6948
2024-04-15,3.4699,1.0692084172,3.6899,3.6406,3.6904
2024-04-16,3.4112,1.0693083428,3.6848,3.6387,3.6884
2024-04-17,3.4259,1.0694087084,3.6802,3.6363,3.6866
2024-04-18,3.3029,1.0695054796,3.6717,3.6329,3.6839
2024-04-19,3.4439,1.0696063911,3.6603,3.6319,3.6821
2024-04-22,3.6491,1.0699271939,3.636,3.639,3.6785
2024-04-23,3.6084,1.0700329672,3.6148,3.6397,3.6768
2024-04-24,3.5612,1.0701373673,3.592,3.6403,3.6752
2024-04-25,3.5281,1.070240807,3.5682,3.6416,3.6741
2024-04-26,3.587,1.0703459839,3.5536,3.6421,3.6732
2024-04-29,3.6559,1.0706676067,3.5353,3.6466,3.6717
2024-04-30,3.5085,1.0707705228,3.5296,3.6465,3.6705
2024-05-02,3.5066,1.0709762633,3.5117,3.6491,3.6674
2024-05-03,3.6458,1.0710832377,3.5128,3.6508,3.6672
2024-05-06,3.7521,1.0714135509,3.5397,3.6583,3.6669
2024-05-07,3.7687,1.0715241766,3.5515,3.6598,3.6678
2024-05-08,3.8329,1.0716366984,3.5654,3.6626,3.6693
2024-05-09,3.9685,1.0717532132,3.5855,3.6691,3.6724
2024-05-10,3.9447,1.0718690418,3.6032,3.6742,3.675
2024-05-13,4.0076,1.0722221066,3.6613,3.6917,3.6813
2024-05-14,3.7153,1.0723312471,3.6695,3.6957,3.6817
2024-05-15,3.6486,1.0724384391,3.6755,3.6972,3.682
2024-05-16,3.609,1.0725444783,3.6821,3.6962,3.6818
2024-05-17,3.5697,1.0726493731,3.6869,3.6939,3.6814
2024-05-20,3.5899,1.0729658694,3.6994,3.6872,3.6772
2024-05-21,3.5778,1.0730710435,3.697,3.6852,3.6767
2024-05-23,3.4585,1.0732743978,3.6856,3.6807,3.6741
2024-05-24,3.5511,1.0733788171,3.6853,3.6776,3.6734
2024-05-27,3.6756,1.0737030893,3.6938,3.6732,3.6745
2024-05-28,3.6622,1.0738108185,3.694,3.6727,3.6745
2024-05-29,3.5476,1.073915187,3.6904,3.67,3.6749
2024-05-30,3.5409,1.0740193686,3.6915,3.6689,3.675
2024-05-31,3.5289,1.0741232071,3.6866,3.6678,3.6746
2024-06-03,3.5222,1.0744341614,3.6836,3.6597,3.6721
2024-06-04,3.8181,1.0745465531,3.6857,3.6602,3.6728
2024-06-05,3.8127,1.0746587975,3.6877,3.6624,3.6734
2024-06-06,3.8523,1.0747722197,3.691,3.6651,3.6741
2024-06-07,3.6378,1.0748793377,3.6867,3.6656,3.6736
2024-06-10,3.8491,1.0752193912,3.6803,3.6723,3.6727
2024-06-11,3.594,1.0753252635,3.6669,3.6717,3.671
2024-06-12,3.5291,1.0754292342,3.6514,3.6721,3.6692
2024-06-13,3.6312,1.0755362232,3.6393,3.6742,3.6676
2024-06-14,3.6365,1.075643379,3.6367,3.6769,3.6655
2024-06-18,3.7736,1.0760882062,3.6586,3.6867,3.6662
2024-06-19,3.6929,1.0761970798,3.6619,3.6856,3.6662
2024-06-20,3.702,1.0763062327,3.6655,3.6836,3.6669
2024-06-21,3.5845,1.0764119319,3.6658,3.6806,3.6677
2024-06-24,3.6371,1.0767337141,3.6801,3.6633,3.6719
2024-06-25,3.6709,1.0768420041,3.6799,3.6568,3.6733
2024-06-26,3.565,1.0769471805,3.6764,3.6516,3.6742
2024-06-27,3.5992,1.0770533764,3.6739,3.6478,3.6751
2024-06-28,3.446,1.077155062,3.6669,3.6428,3.6762
2024-07-01,3.4325,1.0774589526,3.6607,3.6336,3.6749
2024-07-02,3.4205,1.0775599237,3.6573,3.6305,3.6738
2024-07-03,3.4141,1.0776607155,3.6537,3.6283,3.6727
2024-07-04,3.4709,1.0777631936,3.6421,3.6279,3.6708
2024-07-05,3.4839,1.0778660654,3.6311,3.6275,3.6689
2024-07-08,3.5261,1.0781784487,3.6056,3.6311,3.6654
2024-07-09,3.4634,1.0782807545,3.5927,3.6321,3.6634
2024-07-10,3.4019,1.0783812532,3.5778,3.632,3.6614
2024-07-11,3.4975,1.0784845858,3.5746,3.6329,3.66
2024-07-12,3.4685,1.0785870714,3.5726,3.6337,3.6582
2024-07-15,3.5537,1.0789021104,3.5598,3.6365,3.655
2024-07-16,3.5134,1.0790059629,3.5511,3.6376,3.6546
2024-07-17,3.5137,1.0791098342,3.5425,3.6386,3.6539
2024-07-18,3.5413,1.0792145315,3.5347,3.6412,3.6535
2024-07-19,3.5399,1.0793191976,3.5296,3.6423,3.6536
2024-07-22,3.5864,1.0796373513,3.5241,3.6402,3.6561
2024-07-23,3.5679,1.0797428866,3.5218,3.6397,3.6562
2024-07-24,3.5239,1.0798471306,3.518,3.6393,3.6563
2024-07-25,3.5458,1.0799520325,3.5139,3.6395,3.6571
2024-07-26,3.6271,1.0800593502,3.5159,3.64,3.6575
2024-07-29,3.6541,1.080383732,3.5321,3.6399,3.6598
2024-07-30,3.5438,1.0804886269,3.5358,3.6403,3.66
2024-07-31,3.4769,1.0805915515,3.5343,3.6389,3.66
2024-08-01,3.4336,1.0806932041,3.5343,3.6381,3.6597
2024-08-02,3.5377,1.0807979485,3.5381,3.6384,3.6603
2024-08-05,3.5838,1.0811163071,3.5504,3.634,3.6618
2024-08-06,3.6111,1.0812232665,3.5532,3.6325,3.6618
2024-08-07,3.5735,1.0813291228,3.5547,3.6303,3.6615
2024-08-08,3.6052,1.0814359284,3.5573,3.6279,3.6616
2024-08-12,3.5987,1.0818624231,3.5755,3.611,3.6646
2024-08-13,3.6452,1.081970467,3.5784,3.607,3.6655
2024-08-14,3.6717,1.0820793073,3.5823,3.6066,3.6673
2024-08-15,3.6119,1.0821863858,3.5842,3.6062,3.6678
2024-08-16,3.5144,1.082290584,3.5842,3.6051,3.6668
2024-08-19,3.5236,1.0826040272,3.5834,3.6032,3.6626
2024-08-20,3.5471,1.0827092356,3.5821,3.6027,3.661
2024-08-21,3.3436,1.0828084177,3.5743,3.6001,3.6588
2024-08-22,3.1973,1.0829032687,3.5617,3.5973,3.6565
2024-08-23,3.1962,1.0829980954,3.5497,3.5944,3.6536
2024-08-26,3.2314,1.0832857338,3.5172,3.5811,3.6435
2024-08-27,3.2189,1.0833812677,3.5031,3.5761,3.6405
2024-08-28,3.3159,1.0834796892,3.4922,3.5723,3.6383
2024-08-29,3.3554,1.0835792922,3.4826,3.5702,3.6359
2024-08-30,3.4319,1.0836811753,3.479,3.569,3.6351
2024-09-02,3.5355,1.0839960812,3.484,3.5694,3.6324
2024-09-03,3.4466,1.0840984401,3.4796,3.5686,3.6306
2024-09-04,3.5593,1.0842041561,3.4788,3.5657,3.6294
2024-09-05,3.4622,1.084306998,3.4749,3.5619,3.6286
2024-09-06,3.4824,1.0844104498,3.4707,3.5578,3.6279
2024-09-09,3.5859,1.0847300598,3.4701,3.5515,3.6273
2024-09-10,3.5167,1.0848345713,3.4674,3.5479,3.6265
2024-09-11,3.4959,1.0849384746,3.4641,3.5468,3.6257
2024-09-12,3.5352,1.0850435561,3.4621,3.5468,3.6259
2024-09-13,3.5177,1.0851481276,3.458,3.5456,3.6263
2024-09-16,3.5423,1.0854640662,3.4524,3.5395,3.6273
2024-09-17,3.5427,1.0855694217,3.453,3.537,3.6271
2024-09-18,3.4455,1.0856718964,3.4505,3.5334,3.6265
2024-09-19,3.4316,1.0857739674,3.4476,3.5305,3.6244
2024-09-20,3.1089,1.0858664486,3.4334,3.524,3.6202
2024-09-23,3.2039,1.0861523944,3.4293,3.5103,3.6065
2024-09-24,3.1178,1.0862451727,3.4256,3.5046,3.6002
2024-09-25,3.135,1.0863384707,3.4225,3.4988,3.5939
2024-09-26,3.1705,1.0864328334,3.4206,3.4944,3.5891
2024-09-27,3.4135,1.0865344372,3.4269,3.4924,3.5861
2024-09-30,3.3108,1.0868301055,3.4213,3.4882,3.5788
2024-10-01,3.8808,1.0869456609,3.4287,3.4932,3.5789
2024-10-02,3.7299,1.0870567348,3.4352,3.4966,3.5791
2024-10-03,3.6048,1.0871640943,3.4405,3.4987,3.579
2024-10-04,3.5946,1.0872711606,3.4417,3.5,3.5795
2024-10-07,3.5514,1.0875885306,3.4458,3.5013,3.5812
2024-10-08,3.5015,1.0876928646,3.443,3.501,3.5816
2024-10-09,3.3875,1.0877938114,3.4364,3.5002,3.5817
2024-10-10,3.3049,1.0878923059,3.4293,3.4991,3.5811
2024-10-11,3.1077,1.0879849318,3.4163,3.4949,3.5794
2024-10-14,3.0977,1.0882619387,3.3728,3.4808,3.5736
2024-10-15,3.0846,1.0883539073,3.3575,3.4757,3.5715
2024-10-16,3.0314,1.0884442973,3.3405,3.4704,3.5693
2024-10-17,2.9091,1.0885310478,3.3193,3.4637,3.5665
2024-10-18,2.8903,1.0886172445,3.3007,3.4566,3.5642
2024-10-21,2.9784,1.088883738,3.2737,3.4371,3.5541
2024-10-22,3.0642,1.0889751506,3.269,3.4314,3.5509
2024-10-23,3.1267,1.0890684355,3.2664,3.4266,3.5482
2024-10-24,3.0662,1.0891599232,3.2647,3.4215,3.5454
2024-10-25,2.947,1.0892478617,3.2584,3.415,3.5422
2024-10-28,3.0313,1.0895192455,3.2316,3.3948,3.5322
2024-10-29,3.0666,1.0896107831,3.2235,3.3884,3.5289
2024-10-30,3.0955,1.089703191,3.2163,3.3834,3.5266
2024-11-01,3.1559,1.0898916291,3.1912,3.3769,3.523
2024-11-04,3.2321,1.090181161,3.1513,3.3658,3.5163
2024-11-05,2.9891,1.0902704394,3.1331,3.3593,3.5121
2024-11-06,2.9118,1.0903574161,3.1124,3.3516,3.5074
2024-11-07,2.8566,1.0904427507,3.09,3.3438,3.5024
2024-11-08,2.9347,1.0905304253,3.0716,3.3364,3.4974
2024-11-11,3.1044,1.0908086809,3.0559,3.3202,3.483
2024-11-12,3.1304,1.0909022334,3.0569,3.3151,3.4781
2024-11-13,3.0749,1.0909941352,3.0562,3.3088,3.473
2024-11-14,2.96,1.0910826103,3.0518,3.301,3.4688
2024-11-15,2.8989,1.0911692662,3.0458,3.2932,3.4647
2024-11-18,2.9008,1.0914294249,3.0416,3.2728,3.4532
2024-11-19,3.1312,1.0915230546,3.0465,3.2685,3.4507
2024-11-20,3.06,1.0916145631,3.0492,3.2632,3.4478
2024-11-21,2.9428,1.0917025741,3.048,3.2588,3.4443
2024-11-22,2.7615,1.0917851697,3.0382,3.254,3.4404
2024-11-25,3.098,1.0920631711,3.0432,3.25,3.4327
2024-11-26,3.0618,1.0921547787,3.0442,3.2482,3.4293
2024-11-27,2.9033,1.0922416514,3.0401,3.2447,3.425
2024-11-28,2.787,1.0923250508,3.0322,3.2389,3.4202
2024-11-29,2.745,1.0924071996,3.0218,3.2322,3.4158
2024-12-02,3.0839,1.0926840934,3.0093,3.2147,3.4074
2024-12-03,2.9528,1.0927724901,3.0,3.2093,3.4043
2024-12-04,3.0756,1.0928645704,2.9947,3.2039,3.4001
2024-12-05,3.0051,1.0929545475,2.9953,3.1988,3.3956
2024-12-06,2.7668,1.0930373965,2.9904,3.1909,3.3896
2024-12-09,2.8852,1.0932965991,2.9824,3.1676,3.3747
2024-12-10,3.1885,1.0933921053,2.9852,3.164,3.371
2024-12-11,3.1129,1.0934853551,2.9855,3.1598,3.3684
2024-12-12,3.0721,1.0935773907,2.9836,3.1546,3.3658
2024-12-13,3.1825,1.0936727416,2.9872,3.1509,3.3633
2024-12-16,3.2537,1.0939652197,3.0206,3.1413,3.3554
2024-12-17,3.1506,1.0940596484,3.0289,3.137,3.352
2024-12-18,3.0547,1.0941512107,3.0341,3.1327,3.348
2024-12-19,2.9769,1.0942404484,3.0289,3.1276,3.344
2024-12-20,2.9893,1.0943300652,3.0266,3.1263,3.3401
2024-12-23,3.23,1.0946205874,3.0562,3.1272,3.3336
2024-12-24,2.762,1.0947034187,3.045,3.1232,3.3287
2024-12-26,2.7495,1.094868344,3.0229,3.1143,3.319
2024-12-27,2.5512,1.0949448708,3.0112,3.1047,3.3132
2024-12-30,2.5613,1.0951753762,2.98,3.0799,3.2986
2024-12-31,2.3115,1.0952447323,2.9586,3.0717,3.2935
2025-01-02,2.1123,1.0953714986,2.8958,3.0346,3.279
2025-01-03,2.5211,1.0954471573,2.8818,3.0227,3.274
2025-01-06,2.7573,1.0956954156,2.8632,2.9962,3.2618
2025-01-07,2.8352,1.0957805256,2.8616,2.9883,3.258
2025-01-08,2.7815,1.0958640301,2.8583,2.9805,3.2539
2025-01-09,2.8385,1.0959492523,2.8568,2.9744,3.2504
2025-01-10,2.898,1.0960362677,2.8474,2.97,3.2477
2025-01-13,3.1047,1.0963159551,2.8456,2.9701,3.241
2025-01-14,2.9332,1.0964040569,2.8353,2.9683,3.2376
2025-01-15,2.9314,1.0964921116,2.8248,2.9666,3.2341
2025-01-16,2.8138,1.0965766406,2.8106,2.9642,3.2303
2025-01-17,2.4647,1.0966506881,2.7885,2.9594,3.2245
2025-01-20,2.2492,1.0968534213,2.7149,2.9364,3.2028
2025-01-21,2.2516,1.0969210836,2.6833,2.9284,3.1955
2025-01-22,2.485,1.0969957644,2.6592,2.9221,3.1894
2025-01-23,2.5852,1.0970734617,2.6384,2.9162,3.184
2025-01-24,3.0238,1.0971643475,2.6469,2.9157,3.1812
2025-01-27,3.0743,1.0974415814,2.6848,2.918,3.1723
2025-01-28,2.9786,1.0975311387,2.6983,2.9175,3.1686
2025-01-31,3.1283,1.0978133365,2.7613,2.9182,3.1615
2025-02-03,2.6325,1.0980508702,2.7985,2.8993,3.1468
2025-02-04,2.651,1.0981306218,2.7951,2.893,3.1417
2025-02-05,2.6168,1.0982093502,2.7906,2.8889,3.1363
2025-02-06,2.3766,1.0982808572,2.7783,2.883,3.1295
2025-02-07,2.4847,1.0983556215,2.7669,2.879,3.1235
2025-02-10,2.517,1.0985828457,2.7357,2.8615,3.1056
2025-02-11,2.5438,1.0986594094,2.7175,2.8554,3.0997
2025-02-12,2.4561,1.0987333387,2.6966,2.848,3.0934
2025-02-13,2.5042,1.0988087208,2.6772,2.8418,3.0871
2025-02-14,2.5008,1.0988840058,2.6632,2.8367,3.0807
2025-02-17,2.413,1.0991019461,2.6318,2.8207,3.0619
2025-02-18,2.3114,1.0991715478,2.6338,2.8143,3.0552
2025-02-19,2.5261,1.0992476195,2.6428,2.8077,3.0497
2025-02-20,2.4639,1.0993218233,2.6497,2.8011,3.0437
2025-02-21,2.463,1.0993960049,2.6565,2.7959,3.0388
2025-02-24,2.3548,1.0996087877,2.6232,2.7752,3.0247
2025-02-25,2.2661,1.0996770569,2.5971,2.7661,3.0194
2025-02-26,2.4175,1.0997498916,2.5759,2.759,3.0149
2025-02-27,2.3922,1.0998219689,2.5539,2.7534,3.0103
2025-02-28,2.6412,1.0999015539,2.543,2.7518,3.0066
2025-03-03,2.4846,1.1001261688,2.4637,2.7291,2.9814
2025-03-04,2.3344,1.1001965287,2.4524,2.7208,2.9745
2025-03-05,2.2903,1.1002655638,2.4407,2.7129,2.9679
2025-03-06,2.3176,1.1003354261,2.4386,2.7078,2.9614
2025-03-07,2.3425,1.1004060435,2.4335,2.7018,2.9544
2025-03-10,2.1455,1.1006000918,2.3937,2.6736,2.9306
2025-03-11,2.1148,1.1006638603,2.3783,2.6624,2.9229
2025-03-12,2.1251,1.1007279431,2.3665,2.6518,2.915
2025-03-13,2.0822,1.1007907358,2.3514,2.6395,2.9069
2025-03-14,2.2434,1.1008583937,2.3422,2.6282,2.8997
2025-03-17,2.3683,1.1010726811,2.3374,2.5997,2.8799
2025-03-18,2.3416,1.1011433187,2.3384,2.5917,2.8737
2025-03-19,2.4421,1.1012169927,2.3354,2.5857,2.8682
2025-03-20,2.4428,1.1012906928,2.3347,2.5796,2.8645
2025-03-21,2.4805,1.1013655353,2.3353,2.5712,2.8604
2025-03-24,2.6484,1.1016052769,2.3668,2.5569,2.8515
2025-03-25,2.7645,1.1016887122,2.3846,2.5571,2.8495
2025-03-26,2.9409,1.1017774781,2.4034,2.5592,2.8482
2025-03-27,2.9829,1.101867519,2.4245,2.5641,2.8458
2025-03-28,2.3592,1.1019387389,2.4144,2.5618,2.8404
2025-04-01,2.1392,1.1021970696,2.377,2.5507,2.814
2025-04-02,2.0073,1.1022576844,2.3616,2.5496,2.8044
2025-04-03,2.1983,1.1023240705,2.3523,2.546,2.7966
2025-04-04,2.2206,1.1023911341,2.3486,2.54,2.7889
2025-04-07,2.3164,1.1026010173,2.3486,2.5243,2.7683
2025-04-08,2.5884,1.1026792083,2.3629,2.5221,2.7632
2025-04-09,2.3872,1.1027513265,2.3707,2.5171,2.7576
2025-04-10,2.3326,1.1028217999,2.3768,2.5108,2.7522
2025-04-11,2.3009,1.10289132,2.3828,2.5018,2.7477
2025-04-14,2.3021,1.1031000021,2.3975,2.4768,2.7344
2025-04-15,2.2749,1.1031687539,2.3945,2.4695,2.7299
2025-04-16,2.284,1.1032377851,2.3918,2.4635,2.7257
2025-04-17,2.2553,1.1033059531,2.3881,2.4612,2.7221
2025-04-21,2.196,1.103571472,2.3583,2.4588,2.7052
2025-04-22,2.153,1.1036365676,2.3423,2.4551,2.7001
2025-04-23,2.1405,1.1037012891,2.3258,2.4501,2.6946
2025-04-24,2.1801,1.1037672118,2.3107,2.4407,2.6897
2025-04-25,2.1602,1.1038325367,2.2912,2.4305,2.6853
2025-04-28,2.1066,1.10402366,2.2277,2.3991,2.6698
2025-04-29,2.1769,1.1040895052,2.229,2.3885,2.6649
2025-04-30,2.174,1.1041552666,2.2301,2.3778,2.6598
2025-05-02,2.1673,1.1042863918,2.2393,2.3587,2.6453
2025-05-05,2.2953,1.1044947207,2.2443,2.3472,2.6309
2025-05-06,2.272,1.1045634717,2.2428,2.346,2.6274
2025-05-07,2.2252,1.1046308108,2.2398,2.3431,2.6238
2025-05-08,2.116,1.1046948491,2.224,2.3385,2.6192
2025-05-09,2.1975,1.1047613578,2.2177,2.3349,2.6142
2025-05-13,2.2665,1.1050357623,2.2119,2.3241,2.5954
2025-05-14,2.3946,1.1051082587,2.215,2.3229,2.5923
2025-05-15,2.1883,1.1051745138,2.2121,2.3204,2.5883
2025-05-16,2.1552,1.1052397705,2.2078,2.3175,2.5841
2025-05-19,2.121,1.1054324456,2.1983,2.3075,2.5697
2025-05-20,2.177,1.1054983778,2.1977,2.3042,2.5648
2025-05-21,2.125,1.1055627391,2.1953,2.3004,2.5602
2025-05-22,2.1033,1.1056264467,2.1937,2.2976,2.5565
2025-05-23,2.1348,1.1056911122,2.1935,2.2951,2.5512
2025-05-26,2.2538,1.1058959347,2.204,2.2919,2.5372
2025-05-27,2.08,1.1059589556,2.2031,2.2884,2.5326
2025-05-28,2.1518,1.1060241557,2.2046,2.2829,2.529
2025-05-29,2.1189,1.1060883627,2.2027,2.2812,2.5255
2025-05-30,2.1111,1.106152337,2.2006,2.2795,2.5201
2025-06-02,2.1001,1.106343271,2.1931,2.2692,2.507
2025-06-03,2.1229,1.1064076178,2.1875,2.2653,2.5024
2025-06-04,1.8245,1.106462923,2.1723,2.2597,2.4954
2025-06-05,1.562,1.1065102735,2.1486,2.2517,2.4874
2025-06-06,1.4568,1.1065544369,2.1223,2.2423,2.4801
2025-06-09,1.4724,1.1066883512,2.0537,2.2181,2.4565
2025-06-10,1.5092,1.1067341105,2.0293,2.2112,2.4472
2025-06-11,1.7832,1.1067881798,2.0136,2.2075,2.4398
2025-06-12,1.8919,1.1068455478,2.0016,2.205,2.4332
2025-06-13,1.7439,1.1068984308,1.9847,2.2013,2.4252
2025-06-16,1.7531,1.1070579242,1.9369,2.1825,2.4002
2025-06-17,1.7685,1.1071115635,1.9255,2.1759,2.3925
2025-06-18,1.6644,1.1071620477,1.9108,2.1685,2.3848
2025-06-19,1.8111,1.1072169842,1.9007,2.1616,2.3783
2025-06-20,1.7594,1.1072703551,1.8873,2.1542,2.3715
2025-06-23,1.793,1.1074335334,1.8555,2.128,2.3475
2025-06-24,1.6795,1.1074844905,1.8369,2.1174,2.3415
2025-06-25,1.6785,1.1075354196,1.8183,2.1055,2.3355
2025-06-26,1.7466,1.1075884175,1.8019,2.0925,2.33
2025-06-27,1.8108,1.107643366,1.7932,2.0797,2.3258
2025-06-30,1.6345,1.1077921695,1.7455,2.0607,2.3104
2025-07-01,1.5598,1.1078395102,1.7155,2.0533,2.3072
2025-07-02,1.4297,1.1078829041,1.6932,2.047,2.3033
2025-07-03,1.4954,1.1079282939,1.6722,2.0392,2.2976
2025-07-04,1.5695,1.1079759348,1.6637,2.032,2.291
2025-07-07,1.4896,1.1081115875,1.663,2.0046,2.2693
2025-07-08,1.5986,1.1081601198,1.6672,1.9937,2.2627
2025-07-09,1.6566,1.1082104151,1.6733,1.9856,2.2561
2025-07-10,1.6217,1.108259653,1.6771,1.9778,2.249
2025-07-11,1.6104,1.10830855,1.6713,1.9701,2.2406
2025-07-14,1.7048,1.1084638468,1.6621,1.9504,2.2181
2025-07-15,1.6642,1.1085143867,1.6592,1.9436,2.211
2025-07-16,1.5284,1.1085608046,1.6517,1.9353,2.2039
2025-07-17,1.5451,1.1086077317,1.6442,1.9274,2.1987
2025-07-18,1.3029,1.1086473044,1.6322,1.9176,2.1934
2025-07-21,1.3181,1.1087674119,1.5851,1.8885,2.1778
2025-07-22,1.2996,1.1088068901,1.5687,1.8791,2.1712
2025-07-23,1.4564,1.108851133,1.5574,1.8715,2.1649
2025-07-24,1.8136,1.1089062292,1.5619,1.8675,2.1581
2025-07-25,1.9165,1.1089644544,1.5698,1.8648,2.1517
2025-07-28,1.8852,1.1091362862,1.5853,1.8574,2.1323
2025-07-29,1.7849,1.1091905245,1.5903,1.8531,2.1248
2025-07-30,1.8668,1.1092472542,1.5981,1.8497,2.1178
2025-07-31,1.8246,1.1093027044,1.6055,1.8495,2.1105
2025-08-01,1.7516,1.1093559388,1.6117,1.845,2.1056
2025-08-04,1.5817,1.1095001581,1.6198,1.823,2.0879
2025-08-05,1.6645,1.1095507544,1.6254,1.8161,2.0826
2025-08-06,1.6922,1.109602195,1.632,1.8098,2.0787
2025-08-07,1.603,1.1096509263,1.6356,1.803,2.0738
2025-08-08,1.6337,1.109700593,1.6368,1.7978,2.0689
2025-08-11,1.6067,1.1098471374,1.6345,1.7769,2.0535
2025-08-12,1.6123,1.1098961622,1.6315,1.7698,2.0488
2025-08-13,1.3941,1.1099385541,1.6215,1.7602,2.0426
2025-08-14,1.3742,1.1099803426,1.6108,1.7491,2.0363
2025-08-15,1.3053,1.1100200373,1.5992,1.7395,2.0301
2025-08-18,1.1958,1.1101291355,1.5738,1.7088,2.0103
2025-08-19,1.2518,1.1101672084,1.5716,1.6993,2.0032
2025-08-20,1.4948,1.1102126735,1.5773,1.6919,1.9978
2025-08-21,1.7069,1.110264592,1.5899,1.6873,1.9936
2025-08-22,1.5064,1.1103104139,1.5966,1.6808,1.9888
2025-08-25,1.2648,1.1104258376,1.5516,1.6497,1.9711
2025-08-26,1.1347,1.1104603581,1.5274,1.6375,1.9639
2025-08-27,0.9504,1.1104892727,1.4972,1.6252,1.9559
2025-08-28,0.8668,1.1105156445,1.4643,1.6111,1.946
2025-08-29,0.9728,1.110545242,1.438,1.5986,1.9407
2025-09-01,1.0396,1.1106401343,1.363,1.5638,1.9231
2025-09-02,0.7261,1.1106622285,1.3354,1.5488,1.9134
2025-09-03,0.9315,1.1106905732,1.3144,1.5358,1.9049
2025-09-04,1.4808,1.1107356337,1.3111,1.532,1.9002
2025-09-05,1.4707,1.1107803888,1.3048,1.531,1.8957
2025-09-08,1.7007,1.1109356576,1.3104,1.5387,1.8864
2025-09-09,1.6383,1.1109855219,1.3115,1.5405,1.8836
2025-09-10,1.7149,1.1110377199,1.315,1.5427,1.8813
2025-09-11,1.4302,1.1110812543,1.3093,1.5389,1.8775
2025-09-12,1.3468,1.1111222517,1.3007,1.5329,1.8732
2025-09-15,1.3736,1.1112476959,1.3022,1.5206,1.8591
2025-09-16,1.3764,1.1112896006,1.308,1.5165,1.8537
2025-09-17,1.1235,1.111323807,1.3057,1.5095,1.8468
2025-09-18,1.1218,1.1113579627,1.3033,1.5036,1.8402
2025-09-19,1.1129,1.1113918485,1.2988,1.4959,1.8329
2025-09-22,1.5372,1.1115322675,1.2957,1.4879,1.8166
2025-09-23,1.4201,1.1115755137,1.3007,1.4839,1.8099
2025-09-24,1.3212,1.1116157497,1.3025,1.48,1.8026
2025-09-25,1.218,1.1116528442,1.301,1.4749,1.7941
2025-09-26,1.318,1.1116929855,1.307,1.4703,1.7852
2025-09-29,1.3773,1.1118188322,1.3503,1.4599,1.7669
2025-09-30,1.3755,1.111860731,1.3611,1.4571,1.7627
2025-10-01,1.199,1.1118972549,1.3771,1.4532,1.7553
2025-10-02,1.0402,1.1119289424,1.3876,1.4489,1.75
2025-10-03,1.0847,1.1119619865,1.3927,1.4444,1.7439
2025-10-06,1.2469,1.1120759459,1.3623,1.4356,1.7267
2025-10-07,0.9886,1.1121060664,1.3385,1.4302,1.7194
2025-10-08,1.1621,1.112141474,1.3206,1.4254,1.7115
2025-10-09,1.243,1.1121793477,1.3074,1.4209,1.7052
2025-10-10,1.5033,1.1122251543,1.3003,1.4196,1.7007
2025-10-13,1.4439,1.1123571495,1.3064,1.4121,1.6865
2025-10-14,1.2878,1.1123963959,1.3035,1.4075,1.6809
2025-10-15,1.2879,1.1124356467,1.3006,1.4034,1.6755
2025-10-16,1.2249,1.1124729789,1.2956,1.4001,1.6696
2025-10-17,1.1306,1.1125074381,1.2958,1.3956,1.6634
